voyage_id,fixture_display_order,grade_name,display_order
F07C63363AA52CE4DA88F51E243FDF49,1,ULSD,0
8C8ABAED635849EDC99CCFB4A699F593,1,CSS,0
5F1D3AE7140B97ECE1CEE7C339C38316,1,NHC,0
6227748A22F3EDA151AC211A23A49947,1,NHC,0
DD73A9657D7609C9AD24445398408847,1,FO,0
A0B05E14B72C5C9A088FCB75D2DA2B14,1,VEGOIL,0
1E418B9D3DEAB7C4CFFA858581C852DF,1,CRD,0
B366A5BAD96F234CFB2FDD2B1FDF930E,1,CPKO,0
B366A5BAD96F234CFB2FDD2B1FDF930E,1,CPO,2
215CD18F42853B4467F68D337F2818B3,1,,0
4691DC7C2D72947D7807CFA6A17F9723,1,NHC,0
814A361E6F64082102A4E4457BCE0990,1,CPP,0
587EC36B6B0EDEB82B9A867E89E3945E,1,CPP,0
34AB7571603DD7E5CD555D77EBB783D8,1,CPP,0
9F520A46D4942076E6F77A3235FB8B62,1,CPP,0
71580E995ABA6CFDB123EA5C7ABE5C31,1,CPP,0
36A4E7BBC07F80761D4F66A3284D195F,1,Methanol,0
2297083F1EC5A7847224908339D16457,1,,0
589FA7F1B5E45250F90544A30E81724C,1,FO,0
CA2245058B2A5EC26FF133DA70DC6E33,1,PALM OIL,0
CA2245058B2A5EC26FF133DA70DC6E33,1,FAME,1
C4405B217F01BDB31244C86314B459A9,1,CPP,0
8CE7F8C895388C23967E15F3635DBAD8,1,NHC,0
A2D45F2F8E07A0E4D584C40A9F063A73,1,CRD,0
144E60DD0F7EAE18343F1B3048C43600,1,CPP,0
E1C7499496D8D8B3B290A3599E1FE2AD,1,NHC,0
2C2FAF0531939CCCF455FE6892094B88,1,CPP,0
6EAD201794202713C9A8C48FD7648442,1,CPP,0
778319AADA94E94E0ECAA23DD64380AD,1,FO,0
63E20B13FC206771CCE1EFE1C69F791A,1,CPP,0
31FB8EB60A97A28B5691F6DFD277E663,1,CRD,0
B6FC1EB1415A5977E8A0539EA6EDCE2C,1,NHC,0
85755803907BC4DC3AF4A358CC255FB2,1,CPP,0
A32D72FE477DF8D77EF06D6E783ECDCD,1,PFAD,0
A32D72FE477DF8D77EF06D6E783ECDCD,1,Pome,1
A32D72FE477DF8D77EF06D6E783ECDCD,1,VEGOIL,2
D68C5D97C4393EA91097461A1D43E1D3,1,DPP,0
357FADABD94E699811A9C695CDF177DA,1,VEGOIL,0
F48EE7F56B8D58444254678CE3DC047E,1,,0
ECEAA6601C9BB195CB5FC2E985516427,1,Gasoline,0
067E05FA0E2E12828B67FF18DC808404,1,Jet,0
2DA0080E56ACACE72C0FC03F4C81C08F,1,FO,0
F055BACF33073FC6CC15232B25B46BCA,1,NHC,0
2A935489EDD65A2397A78585B5A224E2,1,CPP,0
69C872A93C4830560C178BBA1E55E0B5,1,Naphtha,0
025EBBC212B51C5F6E2A6DB564F76ADD,1,NHC,0
9CD23C74ED7F91E0FAD7AF79A1FE3914,1,CPP,0
3F9829611FAEC74FC148A97C5E7E3561,1,CPP,0
358F13F970441AF33B6CDB099A158614,1,,0
648ECB14EDECDB958EA876F662B33282,1,CPP,0
82A8B6D2BA0A6C4ADEE84AAB4986F757,1,,0
3970004E515530B67F9495550D9E5BF7,1,NHC,0
BC2EF80A27F72AE9B665093EDCE70FF5,1,CPP,0
C0D2F176552C341938CE651959FE6A10,1,NHC,0
7F483D719DC863C8DC089899DE6A7E1F,1,,0
E32C4D4222EBA846E1AFAF8B7AC310A6,1,NHC,0
01158DCAB12113D289E89F4A6878E75E,1,Molasses,0
18B375888FF2BE72F844C4DB1326AB90,1,CPP,0
18B375888FF2BE72F844C4DB1326AB90,2,CPP,0
A66F67F06D94BEA5058FED632768864C,1,FO,0
21E91AE7D74174F2887609A00F808C27,1,NHC,0
1A54006E575C75BB6A1A5708B2EA530D,1,NHC,0
21CECF09AD78B8764C22CF54569ECFCD,1,NHC,0
557623A3C8FB83E63A9F9AA8ECA1C027,1,NHC,0
CF651AF344F7A0E9D68D6536EE6B307B,1,CPP,0
CF651AF344F7A0E9D68D6536EE6B307B,2,CPP,0
06DA7B821CA85F3231938535E44AA635,1,,0
E7FB52F6DA6506089FAFDFEC65EE9E58,1,CPP,0
FF1FF7ACC58B53368764536AD9CD2912,1,PKFAD,0
FF1FF7ACC58B53368764536AD9CD2912,1,PKS,1
FF1FF7ACC58B53368764536AD9CD2912,1,RBDPS,2
FF1FF7ACC58B53368764536AD9CD2912,1,PFAD,3
FF1FF7ACC58B53368764536AD9CD2912,1,RBDPO,4
FF1FF7ACC58B53368764536AD9CD2912,1,RPO,5
740CFAB83F65204DCCF27ED2542512CF,1,Gasoil,0
740CFAB83F65204DCCF27ED2542512CF,1,Jet,1
740CFAB83F65204DCCF27ED2542512CF,1,Mogas,2
D644037813A450A37FBE18D9ADA359B9,1,CPP,0
D644037813A450A37FBE18D9ADA359B9,2,,0
0FDB2BF260E37A8B9D6DDB0CC318DF83,1,CPP,0
5236AE6116FD7BFF85ED6DB5761248C5,1,NHC,1
2F3F2E14C634FDD8996C6A55547D1AD2,1,NHC,0
21ECFF2B28A17FAC8EA74AB59154AEB0,1,NHC,0
723035CD2B8D3057C3F80B1822C384C1,1,CPP,0
C7831BB6860EF7FDD8A2C37CA7F30F48,1,CPP,0
5F9C912D19F82815B2FC6101196A2874,1,CPP,0
EB2550F715183E26D05A83D232DF84BD,1,CSS,0
6F358CD5E6CAE5DEC6402CBBB20F2EF9,1,CPP,0
A2803931848147315DB257A5F3F4F07F,1,PALM OIL,0
56233368B703A2A5DC8F8B11A6BA0283,1,FO,0
5BD7D66754CD0D2A64DDA709ACA1C052,1,PARAXYLENE,0
5BD7D66754CD0D2A64DDA709ACA1C052,1,Benzene,1
557C01F1721216B67C3F30CAAC37C7CD,1,NHC,0
0DE071B2BC3DCC968063B3C51F8AFC90,1,,0
356D89D0EF2126659E475FA686F56545,1,UCO,1
356D89D0EF2126659E475FA686F56545,1,PFAD,3
356D89D0EF2126659E475FA686F56545,2,UCO,1
356D89D0EF2126659E475FA686F56545,3,CPO,0
433D2792C02F56CB4FE13C69BB4E55B0,1,Mogas,0
4B8D8DF767307B7F5E84A761442B695A,1,Denatured Ethanol,0
F7919DAEC7F2911A48F3010859D55FA4,1,CPP,0
56F951129BA83C40D3E9C3C7837D6063,1,,0
35D4F3F85C0B6D7DED40A3F8196EBDBC,1,,0
CF435F5276A52C9A32B0CD5B560D873E,1,Fuel Oil ,0
28A39A562ABA6C84FB8FD11A5E45ECED,1,NHC,0
1F0D7E5A23A8B0B1BF2B66AC9777B4A0,1,Toluene ,0
1F0D7E5A23A8B0B1BF2B66AC9777B4A0,1,Mixed Xylene,1
1F0D7E5A23A8B0B1BF2B66AC9777B4A0,1,CPP,2
C5282A9E1D3A895485CA1BC6B58B0475,1,CPP,0
E39C1DD55D3986E84F2D6D871BC83CCF,1,Crude,0
435DFE2E604479E778C763564668C8C9,1,FO,0
435DFE2E604479E778C763564668C8C9,1,NHC,1
D7141372CF2C0D8BA304EC9D963DC7B3,1,NHC,0
01D3CBFD8F42B5DBF5911BE00EE0191B,1,Fuel Oil ,0
3F0575AC8C3CE5A3E7B44EC0553347B3,1,PKO,0
3F0575AC8C3CE5A3E7B44EC0553347B3,1,CPO,1
3F0575AC8C3CE5A3E7B44EC0553347B3,1,RBDPS,2
3F0575AC8C3CE5A3E7B44EC0553347B3,1,RPO,3
4A7AF2816744D1AAC7B6F5A5E9ED3102,1,CSS,0
BBC56777049B378B7FE6706F6432E7E2,1,NHC,0
6D60FC46BF87A29690DF60C06FB8EC84,1,Molasses,0
F524CF611C509736304113A96DAB96A0,1,NHC,0
910E4888F92362185189B726C552782E,1,CHEM,0
910E4888F92362185189B726C552782E,1,VEGOIL,1
D2CC04D946AA838650FC80B4E824EF49,1,FO,0
AE215FFF2FEFA4C3913D31C6263DCC0B,1,CRD,0
77D85186867F6B9FB418E60ABDBC436B,1,Gasoline,0
8CC2E0735B0FCF43EE6950F91B622AAA,1,PARAXYLENE,0
8CC2E0735B0FCF43EE6950F91B622AAA,2,Methanol,0
4D1C227FE90D284B6737767B4D9FC0BB,1,Mogas,0
886F5CAF52B7B7BE3030DE8AC4CE2D78,1,CPP,0
EBC3BE82A903DA460C0E2A9A5B7F6A01,1,VEGOIL,0
895F74F35FCF145AFC2C36DE12D1A217,1,NHC,0
9B28A064F065566F29B0695C0044C5EA,1,Gasoline,0
8C3605698F49A5F431A634FFD393EA73,1,CPP,0
1C65AFEAA270402421447F3224619890,1,ULSD,0
1B2E19635061ABF9D6E834EBF8D3C3EE,1,CPP,0
06458016393A992D298F3E1E097A00F2,1,NHC,0
235B33558EDF08D53F1EAEDF7102020D,1,NHC,0
8C570F49B108A6746379D16CEFC5729D,1,CPP,0
48DF702582B8EBE67028C3CDF1C8F920,1,CPP,0
F4CC54E8A968777B5F6316EE277C7437,1,VEGOIL,0
837ABAAA65C2A85845C3CFA66F22B485,1,Gasoline,0
5828FEEB751250662F46A1461C409FFF,1,NHC,0
1F84115DEB60FCB8E14A90C48C0B2797,1,NHC,0
FAA3E4AA666972AF566CBD612A0B1401,1,CPP,0
8167011C569E487B8A96E1F470E529A0,1,CPP,0
8167011C569E487B8A96E1F470E529A0,2,Bayer Process Liquid,0
49F4850B154273540F646AF6FFEA9663,1,Naphtha,0
63C74A5CA5B41072A34D8F653EC91CE4,1,VEGOIL,0
30955938B410B7B454ACE24D2C7E5B0D,1,UAN,0
FC2294A91C705128FC39E4B8BD8A9DA0,1,Gasoline,0
673D750F54FC1E6F55B0519C3F2F1F79,1,,0
D1A70ADE56B5FFB416841E00500E20CE,1,,0
E7D52C024E353451886E3AF52D544640,1,Mixed Aromatics,0
B991A4D16F10C0640CFF1196EC2D0D5E,1,CSS,0
B991A4D16F10C0640CFF1196EC2D0D5E,2,CSS,0
B991A4D16F10C0640CFF1196EC2D0D5E,3,CSS,0
921A540C97F21BAEDFCD868036AA698B,1,Mogas,0
5BCA3B101E356CCAA5C019049061E843,1,Gasoline,0
06458016393A992D0A0353EB8E5598BC,1,CPP,0
FB67929182393E10DE6BE3D7BF0C329F,1,NHC,0
2E048E55C44B5CEACAA1BE3DD276D96F,1,CPP,0
3B7021EECE56FE8AAC4C8521AB459735,1,NHC,0
02A53D5D72992D4C1A3FA9C258792568,1,NHC,0
3D0CDEAB509E292748652AFE5AE277EC,1,VEGOIL,0
5BC2370DF9E14BB3C6EABDC60ACBE4FA,1,,0
48DF702582B8EBE63C04BEBA78636BB7,1,PALM OIL,0
7141BD09A96DF096C23626401DF9DEF6,1,NHC,0
9C453200D61933DB318B68C789019946,1,CPP,0
5DD1CB3EEF931DF60ED83FAF7E0EEAD8,1,PKO,0
5DD1CB3EEF931DF60ED83FAF7E0EEAD8,1,CPO,1
5DD1CB3EEF931DF60ED83FAF7E0EEAD8,1,PMF,2
012C33BDF9E6436B97D860218900E0AD,1,GO,0
C3E970C95B7EF5AEB53B7FE293781BEE,1,NHC,0
ABCD2C938DC82BD2C6CF60D95165DF79,1,NHC,0
F62CA1E399BA4EEC300772B09EE90F1E,1,NRD,0
30F18B2A6124F71DB4CCFF0504F890F9,1,CPP,0
89CDA4A64D5C1BD47802D6F958097D16,1,Naphtha,0
EC44835C1BE9FDE81405272FEE3E3039,1,FAME,0
9480D6062016CED4096F6774E1921179,1,Fuel Oil ,0
B1682DDB71E1DFABE126EFF04EFE2936,1,CPP,0
B1682DDB71E1DFABE126EFF04EFE2936,2,CPP,0
B1682DDB71E1DFABE126EFF04EFE2936,3,CPP,0
DC462F621E496674DC432EF3D001096B,1,CPP,0
CB137F0578AD870AF33BA976A30E52B8,1,CPP,0
15CF23E61F6E581EE180B88C3D85DEC0,1,NHC,0
316F4D02E623BF0301312210D7C0F493,1,NHC,0
EC3FC9A4B2BCA1895D3F499F3FBF8E98,1,GO,0
5D71B42004FE7F0CA910D0DBF8FB564A,1,NHC,0
E3287608AD2CA4D9BFCEA3E059943DE3,1,NHC,0
563B6C1D3B618AC83F3007C87860A472,1,Mogas,0
A9215346CC256EC7368C1735EDA6CE38,1,CPP,0
33952688A5196937EFD6731FEB7E52A2,1,VEGOIL,0
544A2674A8BAE2EA456DFBD38A54AD82,1,MTBE,0
E1C7499496D8D8B34ECD23175EF6363F,1,Methanol,0
29556E2588FC53A73A79D8700F356700,1,FAME,0
A62C3C1655BC4563B2171507B6D606F6,1,CPP,0
063DE01597D0E76C325C9A4E7004DBCD,1,CPP,0
9D3770F2B0B064747269A0FBBF6E8B41,1,VEGOIL,0
9560BFDF2BC6DDA925FB588151240A13,1,CPP,0
43CC6792735B1166E8A8BE2917921AFD,1,NHC,0
EE0F5F94BE4EB60C220154C1BA171475,1,NHC,0
9ACCD565906047AC8892B2A044866EC4,1,CPP,0
88173E36BA115070BB72A8CD279561C9,1,CSS,0
F20404461393BB6D0FD7992378456243,1,No Heat Crude,0
407D824497FF39D4299FEB0D446F2B8D,1,NHC,0
BC51852CE48F8C6E726E50B9D95ACDAA,1,NHC,0
AAE74337629029006D5B6B988FC1AB65,1,CPP,0
9337117212BF085628DA6DEC1A16C16D,1,,0
4514EA439346A6C57C7947A20A3A7794,1,NHC,0
09214DC78A51DC715D559D2DF7362985,1,Crude,0
52F40C94FD2F60219A4DC8BE865064E0,1,CPP,0
A6297981B357538C7DF0C98F7275674A,1,DPP,0
F57DC33BF1BD7293C7B3542FCAFB8D65,1,PALM OIL,0
12AA680162EEE6913D613DC0A256D39B,1,PALM OIL,0
921A540C97F21BAEDFCD868036AA698B,1,Mogas,0
CE69AD8FE0838DB20BBBD4DC1C485A86,1,NHC,0
9E70239D3877787A862B125941D0A7F8,1,CPP,0
1A63B040990559BF6A517F1AB22DCE5F,1,NHC,0
B22FCF5E42F671890748DD7FE9F765E5,1,NHC,0
8A2481CC0762EC949C0298385AC8A91E,1,Mogas,0
9691D5F94D8C9E5B5C30EFCEA19A8AA5,1,Mogas,0
A8F6B5DE0F368BE9062755FD5014431B,1,,0
F48FC4DA00D8AD50933D597CDFB0CEFD,1,CPP,0
41B94B3A3DCD793AD3811D5FF56247C1,1,PALM OIL,0
41B94B3A3DCD793AD3811D5FF56247C1,1,CPO,1
41B94B3A3DCD793AD3811D5FF56247C1,1,PKO,2
41B94B3A3DCD793AD3811D5FF56247C1,1,RBDPO,3
41B94B3A3DCD793AD3811D5FF56247C1,1,RBDPS,4
9C8D62112654B5D0DFDC6DD8B0FA69C5,1,CPP,0
D2843F4A2A6F21A17FD4CACCDFA3A707,1,CRD,0
B851E04F9671F0EBC2F00FED39BF3B3E,1,CSS,0
BDCF4E94E8A8985D37BB303056A449AB,1,NHC,0
B917D0E55BCBFFB850F834777F276DC7,1,NHC,0
F3E3624EA450D54949D8B0CA1D2FC139,1,CPP,0
DDB27E4847A23E30B0EEEAADA68B7D65,1,VEGOIL,0
D2E792EAB2A268D9201622726FFD0877,1,CPP,0
B08FA949EA903FCE19FDADD75DAD1D19,1,Ethanol,0
35AA08BCC176A44C3A854E3A7620F9A2,1,Crude,0
1F84115DEB60FCB8D47F76A8E6B7AE18,1,CPP,0
415D5C6AC7617F2372692C2746B28868,1,CPP,0
E76D6CBEFBFF5EDF1BF415B87D6831E2,1,Gasoline,0
53C84FCDEA5F4068D42B6EEB8C6B7154,1,NHC,0
2930EBDE7C523FE7B0BCABFB3D439C2A,1,PALM OIL,0
1A2B1DC16E37189A12F35CC02F320014,1,NHC,0
BBD147411C15229482E3E576E06E3CEE,1,NHC,0
8DF55514DDE3E81AF5E4BC5681DA9EC2,1,CPP,0
E1AEFBF96F4FB4305C362FAD00017604,1,,0
30F18B2A6124F71D5F60EB8DE66158E2,1,,0
A9EA76CBEA79F096AAD03A91747B1D4E,1,VEGOIL,0
AD38975BD4AE44D1DC47C1954C373D26,1,ULSD,0
AD38975BD4AE44D1DC47C1954C373D26,1,Mogas,1
1CABC447557EC8BE06B8E58538D96289,1,NHC,0
9AE7500F01EAC2D85661ABAB2B2D7818,1,VEGOIL,0
B2A027B5C4D86EE9906734443A078340,1,NHC,0
616443771D077962AE8820863DCAB8FF,1,Mogas,0
9861D70191809EAFE36519923A2806FC,1,NHC,0
6B147C0172EB1E6DAE1A6C909B09EAB6,1,CSS,0
4A44F2CCC05E52F4FDA96A6DE71FFB80,1,CPP,0
F17566BE6F7EF325B93C22105FB6BF62,1,NHC,0
9376DA05EA35A8C8C5F004EB418A730A,1,NHC,0
36AC34F826B1DD0AA281BD75020CB3E6,1,PALM OIL,0
474EB9944BC946D4489F50494398A460,1,NHC,0
9A0646A2549193FCD7C9AECF6A5E38A7,1,,0
38822FA88F2712BC52721AA81482F8D0,1,CPP,0
636511D67199FE7FDDC841C51E7A124B,1,NHC,0
DE0B66BBE446E8AC0559D589FCBEDC29,1,NHC,0
00E7F752AE81B340AD58E17F830F806F,1,NHC,0
A53C18C76F6CC58560F5DE7BD316B462,1,,0
4A21A4FDB04E28093373BB568A4622D1,1,NHC,0
B851E04F9671F0EB337CF03697FB73BA,1,CPP,0
18B375888FF2BE727C8B04564654EB85,1,NHC,0
F48FC4DA00D8AD50BA3E9D7AA57FA0D9,1,CPP,0
EFC3CD723C7826765FE291F7DF8C6981,1,NHC,0
28FEF25A83824DEF14FFAF85834F9848,1,NHC,0
414A80ECBB1C9412844FE8D1CC641267,1,CPP,0
1B5043100B867AA1D1CC3478E725240A,1,CPP,0
A29639FFBE49F719F6BF62C81D640443,1,Gasoline,0
A29639FFBE49F719F6BF62C81D640443,1,ULSD,1
76988788B8E390B95DA5E751F0B8DA3E,1,VEGOIL,0
886F5CAF52B7B7BE5AF5532C702CB447,1,CPP,0
5636AED8D283CE833FE53AD613456111,1,Ethanol,0
57A606984D78FF51AD9DA78FF7D5FD66,1,CPP,0
DEF7C7BA9090DB113BD7A265F157D044,1,NHC,0
63C1307B13F97D68C51063188DC627D8,1,CPP,0
B840C8AA869EBFFD5DEAF87AB53233F2,1,CPP,0
230582755165D49CE0AB3F005683CACB,1,,0
A20FB3AD3ECC89DE50295FECFCC8AEAC,1,CPP,0
AEB0A58691DAE4D23A90B9915F9AF3E4,1,CPP,0
8CE7F8C895388C2316AEE6228A004437,1,NHC,0
777BD9CE945FC61915B7C16AAD880B1C,1,,0
1B496294F883F48ACF7873804EEEF5B4,1,NHC,0
7C738E152E75A7D9132A6F119B81509D,1,NHC,0
42E22DB0C96670252FAEFA13DF618643,1,VEGOIL,0
155C0407BE8D598F95C75C68A7716887,1,PALM OIL,0
2CC9C10BBE31600C01A10D5F9DF6962F,1,Gasoline,0
D1A70ADE56B5FFB4B772CF47F4B9D9A7,1,NHC,0
E4E91585A686C33A7319C88408C50286,1,CPP,0
D11B716BF55DEC1A636A2F13D399BA23,1,ULSD,0
DAF1D90B6196E97077539EFF48199D0A,1,VEGOIL,0
DAF1D90B6196E97077539EFF48199D0A,1,PFAD,1
DEE37206FC75DCD3197358E46BC0E0DF,1,NHC,0
F34583900D920F74427B1BB0E4CE14B1,1,,0
D513668AD51B770DC068973942A0F48D,1,CPP,0
D8B20CE7C647A15861FE45957F8A8F81,1,VEGOIL,0
28BD8CA7C09B2C20A9134452B42D0DD9,1,CPKO,0
28BD8CA7C09B2C20A9134452B42D0DD9,1,CPO,1
28BD8CA7C09B2C20A9134452B42D0DD9,1,RBDPS,2
AEF3BF120C874A562AB976D858C49347,1,CPP,0
AEF3BF120C874A562AB976D858C49347,2,CPP,0
AEF3BF120C874A562AB976D858C49347,3,CPP,0
9C621ECBF76D08B7F683D39085DD7468,1,CPP,0
C17324CE6A8038EF32E75976F3522071,1,NHC,0
308FFAB4409105C552CB9DBAE2DC3DB8,1,CPP,0
89B8B28C28919B362F3D7096FE031DCC,1,CPP,0
F8E5FA1600AB7A07CA5CA5D11F6CFF3B,1,CPP,0
3ED3004D3F9190BC046C559274DE688D,1,NRD,0
1A3CA89F70461E98E7410097E0126676,1,CPP,0
C6248110CCB7638DD9F3433881B56E4E,1,PALM OIL,0
C409B62B11F55F7078197992436D9C7D,1,CHEM,0
C409B62B11F55F7078197992436D9C7D,2,Benzene,0
8A90ADAFF09E1A835918DAA313A169C5,1,CPP,0
C3EB7BE38EAE8FEB5BE1B1785BA1C0F3,1,VEGOIL,0
8320392EF1FA875C6CE262ED5FF5F9B9,1,NHC,0
7F483D719DC863C851ABC0C0EBACE5A1,1,CPO,0
7F483D719DC863C851ABC0C0EBACE5A1,1,CPKO,1
7F483D719DC863C851ABC0C0EBACE5A1,1,RBDPO,2
7F483D719DC863C851ABC0C0EBACE5A1,1,RPS,3
ABCD2C938DC82BD236B0161F5E88E263,1,Naphtha,0
DC5A242BEB786F485331BB8A1EC49F07,1,CPP,0
A44546578B5C8C85356BF1DC61D04CB5,1,NHC,0
825E984024337E706B6AF43258917849,1,NHC,0
8125EAB23DAB3193AE1A0DBF607F16D8,1,NHC,0
A39C9634A18E888B302BBC323B173751,1,GO,0
3ECCD219F5EDF4E4A570C60002EE887F,1,NHC,0
96883B4932B362427CF257FA24EDE48F,1,NHC,0
9383894D2013C20271EB38EB9C92B5A6,1,CSS,0
2E986EF97ACB037914674C1DC100E00C,1,CPP,0
2E986EF97ACB037914674C1DC100E00C,2,CPP,0
2E986EF97ACB037914674C1DC100E00C,3,,0
9D7D95C7E6B47C0D8B55DD482FB22C5D,1,VEGOIL,0
111EEC6573644F7733195A1855D4DD1E,1,UCO,0
111EEC6573644F7733195A1855D4DD1E,2,PALM OIL,0
111EEC6573644F7733195A1855D4DD1E,3,UCO,0
111EEC6573644F7733195A1855D4DD1E,4,PMF,0
111EEC6573644F7733195A1855D4DD1E,5,PALM OIL,0
30F18B2A6124F71D5F60EB8DE66158E2,1,,0
DAF68A8471F0343C4BA95CBEE6C4BC94,1,CSS,0
2A6D42DD6C64226A7AD1BE7178FA2416,1,NHC,0
D5779913075F68A926D7AC7C826995D3,1,NHC,0
F62CA1E399BA4EEC987259F89946A3D1,1,CHEM,0
00E7F752AE81B34075BA2E6D3A16DDA8,1,NHC,0
FD9B5BD0D52E18D40D8BD01BF4E06E38,1,FO,0
8E0DADEAEF1D39F148FCC839AB867235,1,Ethanol,0
AE215FFF2FEFA4C3579B54CB247A6AE0,1,CSS,0
05ACB575B7EA88889A36A37C621A6375,1,NHC,0
1BEEEE1A5DE0E729F3664909D0C1C786,1,CPP,0
1BEEEE1A5DE0E729F3664909D0C1C786,2,CPP,0
C2ADAB5AFFFDF1D069B550AE9BD567CF,1,FO,0
CF0F627E2475F355A0F50422B734D9EA,1,ULSD,0
94B62430940AC1913BBC4C8C79ABACB2,1,Base Oil,0
42E22DB0C96670250C214515513AADD3,1,Fuel Oil ,0
E92E3E27C061FA116156E604FFB3F684,1,Crude,0
29C96F18E540DBD7FE03511A22193170,1,VEGOIL,0
3A80B69F7A89692F1CF6D54C0497EFCE,1,Gasoline,0
2B7581B587485CB2EDF0E8AB99B004DC,1,NHC,0
6ABF414876633F1F9B37827415C1E2D8,1,CSS,0
F2999E1B1559BAA4EBCCF0ACEAABF675,1,Gasoline,0
39F6E15894289C736DC9300C392BACE4,1,CSS,0
B6BEF932C94BE01707B0C18B4801F0B7,1,CHEM,0
A925442024CA0493AD9D60E92440ECA7,1,CPP,0
08F1B306CB50EAB951D7F585633DDF38,1,CPP,0
1F3253E262D4FEE3C2946442A1A017E1,1,CHEM,0
ED2CF0E8A2AE98136D910F780E54D808,1,Mogas,0
08D8DFBB511F74F3579B277DECB715ED,1,CPP,0
057A149B701862C96FAF242C5B597E74,1,CPO,0
057A149B701862C96FAF242C5B597E74,1,CPKO,2
057A149B701862C96FAF242C5B597E74,1,RBDPS,3
723035CD2B8D3057DED07CF3E078B921,1,CPP,0
2973E51FE5B506EDDAAED2370AA081C5,1,FO,0
9FDEAC2D02034F10F45640AD57B0C55E,1,NHC,0
7B684890330FE9749F63F9A70E02ABC5,1,Mogas,0
2070563D7EF474A91AC82CB20BC1C244,1,CPP,0
8E259FDF24E9E39D5CA346215C9B0B5B,1,CPP,0
A5A4854B3B7B5ECF93BCEEC4C7AC2E75,1,CPP,0
7D170B2516F154643D330AFDCF0CDF5B,1,CPP,0
A44546578B5C8C85D38F252E625EF962,1,PFAD,0
A44546578B5C8C85D38F252E625EF962,1,RBDPO,1
A44546578B5C8C85D38F252E625EF962,2,NRD,0
D24B7CB973156A35341648182B6A2E05,1,CPP,0
172BCA4A649923D7A2CB3EE0EFFCC8D6,1,VEGOIL,0
A39C9634A18E888B9551F0E0D19BD37B,1,Gasoil,0
F1087F1FE32E3326B5E0E582D5E1304E,1,ULSD,0
368FF18DD7E2B2AF458EA7CB29121F5E,1,NHC,0
B7AEB86E4FA3A0355463A4C35A8F17B0,1,CHEM,0
865B57B4A78317EA01DB6A3DFBF2C1BC,1,GO,0
98557BE153CA255D9C46ACEA06EA4305,1,CRD,0
21450361FD1357F45D8E6E526BEAC927,1,CSS,0
DB1E0812D12B246B5F292CCCF1FD62FA,1,ULSD,0
198E81F3F92325AC701A93B81FB2829C,1,Naphtha,0
5EC1F265B6BC797C44DCC89DB045C2A1,1,PALM OIL,0
E86D9C05603CD711DA96666F0BBA0323,1,CPP,0
067E05FA0E2E1282DA9E3911F27B51EC,1,NHC,0
C4EEA5F30B141651BF6DCE804359C804,1,NHC,0
90ADBDB749C9BBEA97D98C6CBA327246,1,No Heat Crude,0
3251DB084BD0D51E5A081A9129CD647F,1,CPP,0
3251DB084BD0D51E5A081A9129CD647F,2,CPP,0
2372E7A4A42153B3066707597A3A5592,1,TAME,0
2372E7A4A42153B3066707597A3A5592,1,CPP,1
68B4F25E7139722C678C4D66E1CB325F,1,,0
BD2613DDCF4C7E798CE8DF0EF26A96CA,1,NHC,0
2CBA9468BC5CBCF7D921202A7CA0836D,1,NHC,0
BEAEF4B56052E35E11DF9B0B6BBC61D2,1,,0
98C5EFA039AB1E8EB76783807AB0F251,1,NHC,0
547AD272A192AE94DC8DD5468AB5ADE7,1,NHC,0
FE1BFE8561EC13F1298CDEBD07E0A9C9,1,NHC,0
889AFA4C89FE5BAE983C5EFD4F6EEFB7,1,CPP,0
0164FFC378F2ADD5393D3A5FCA01DD72,1,CPP,0
08910B1D9EAE8335AF11F109F39FA2BA,1,CPP,0
533BB3AA06ABF635FA9D410146E234AB,1,CPP,0
9337117212BF0856D13F1495296A1E58,1,,0
9337117212BF0856D13F1495296A1E58,2,,0
929CAE9FB187B2F4BA2581D6DE179815,1,NHC,0
ECEAA6601C9BB195F01934DC6B50B5EC,1,GTL Baseoil,0
D4C7A16F1EF4C93B5EDD57A9DC57C537,1,VEGOIL,0
32101180CA6E62E209111553D6760F4A,1,NHC,0
69D8FD979CEC6DD5FA012773C1213A65,1,CRD,0
AA2FF0D4B0823448517195139932670D,1,UCO,0
AA2FF0D4B0823448517195139932670D,1,UCOME,1
AA2FF0D4B0823448517195139932670D,2,UCOME,1
AA2FF0D4B0823448517195139932670D,2,UCO,2
5B6E4BC5F6032F6D94E262330D401F26,1,NHC,0
B4304C969F5A9E15F8717B15021E5519,1,NHC,0
6FEF70E7C5412B39CFE1714EEA109859,1,NHC,0
201DCF65AE8639CCB5E5DD4FEE7E74F0,1,,0
0DE071B2BC3DCC9614F161473C189334,1,,0
306BF06BEA816E915EF7B1284E304FF4,1,CPP,0
08D8DFBB511F74F3F0E38BE705FDBCFD,1,CPP,0
CFB5C8F7215CF2F438166C4155255FA2,1,Gasoline,0
E3341B82ACC5FF551337F7CD329AFC8C,1,NHC,0
068CFAD15ACC5EDB8E776AECF1B404FE,1,CPP,0
638D1CE81406ED55BB9296EF02207798,1,MTBE,0
9424DC82672693E0068DA527A61A7461,1,NHC,0
1E0A7FA4D5EA2B28184F11012BE65B03,1,CPP,0
8D26FB507A95D4155ECE0D4340290F9E,1,NHC,0
7EDAEC3DEBEE1BF4CA7F3731318E18CE,1,FO,0
30955938B410B7B43F88FD2E5157AB86,1,CPP,0
0361DA15A3A49DB9159C1A24BC27EE24,1,NHC,0
FAA3E4AA666972AF9EE29301454C7017,1,NHC,0
F17566BE6F7EF3257458CB4E9C554BFC,1,NHC,0
C4405B217F01BDB32113B2DC352D5D2A,1,CPP,0
08DA16F37FF060CD1DC47E350F47C6E7,1,NHC,0
8473C466AD1E0B36F21EBCB5B68C2721,1,NHC,0
7C3FECFBEF0BF02AE57F2E7992EF1B65,1,NHC,0
9853361BEB8D7CC53050036368377F60,1,NHC,0
E8E2BE675FEDA866733BC973C7D349FF,1,CSS,0
E8E2BE675FEDA866733BC973C7D349FF,2,CSS,0
E8E2BE675FEDA866733BC973C7D349FF,3,CSS,0
A32D72FE477DF8D72BF2DD9742815EA3,1,NHC,0
E6069041F8104EA22EFD9C19E38035BA,1,Mogas,0
D9239A3E3197DCBC2BA277055F317730,1,CPP,0
9F5FDBC5ED074CB019EBC9602B5BBA00,1,CRD,0
B711655A0A8FA6E27154207AA7DC1647,1,FO,0
204FEBAAEF6F18567BADC74DDD96A7CB,1,PALM OIL,0
2D196AD00914F370808E55CE892ECBAD,1,ULSD,0
3C2DE6BFA713CC94DFCC683042C20644,1,Gasoil,0
3691AC9E099DC8B639551084B3DA41D9,1,Mogas,0
4DDF2B3B6984B48A94B727C1579CF945,1,NHC,0
3E81A322AED803A024960E3FFF62DC15,1,CPP,0
A0E83F9B4E2A8BF5596A5356986AB052,1,CPP,0
8FE1AFBBE9CB5A05F2E1470E11A6E565,1,NHC,0
C565302D95536905313DAE6C069AEC98,1,CPP,0
04FAD0AC5448D11EF57EA70D72EF3E52,1,CPP,0
ACF288B1270F4CE0F0DE38EBBAFA5BCE,1,NHC,0
24805117A535E6DF180AE220F047CC0F,1,CSS,0
786BA17AC86297C8807AAA6365344CC3,1,CSS,0
43D02009116C6137359EDF6488A8A15E,1,CPP,0
96D538E36EB88ED8F8385100C71021ED,1,NHC,0
C7831BB6860EF7FDC1635052C652873D,1,NHC,0
5B39F40C3D3C67493801BDFBFE10A855,1,VEGOIL,0
AA33943F95946D8D1F1BEAB84AE6AFF9,1,FO,0
9126FD6B9D11AF4146021DA473A2F441,1,VEGOIL,0
AEBC36BA6D49A65106727944DA0EA065,1,NHC,0
1F3253E262D4FEE3C081E4080A4F41EC,1,Gasoil,0
047B88F05654A63CC073DD403414C15A,1,MTBE,0
760B3B52AAAFEF0EA7079DF99E6B4496,1,CPP,0
1213E6C12FD0E76CCF7BE8EBD2F2FFC7,1,,0
407D824497FF39D4AEBC0E3D3441F791,1,NHC,0
9424DC82672693E0A87F5B24D3802AB7,1,Ethanol,0
E78F21082139CDC798EB898F452AB5AC,1,,0
4B6355915421118A526FC7EC87E87674,1,,0
E17E36148CE4EEB1A8E4E3559CE4986B,1,NHC,0
85BE36902F793700251791820A4FDC88,1,,0
050002E2B49B48DFBEC833BDE037CE30,1,CPP,0
6764746342633B34B53DEE0CCC95BE9F,1,FO,0
8125EAB23DAB3193852F854B8F0EB1CB,1,CSS,0
BEAEF4B56052E35E11DF9B0B6BBC61D2,1,,0
CDFDFD514C0D8D3C5D16B564BF18E4DA,1,,0
52A30F86443D951AC67112393AB2B748,1,NHC,0
C9979AA474D9FB06D70C0B5481CABF27,1,Fuel Oil ,0
25D3D5129610A0D7B90DB65400D105C2,1,Mogas,0
88391DDD39888755EB20D3A2FD040E06,1,CPP,0
14D084DCF290BDDC1FB2A8C0C8DAB67D,1,Naphtha,0
934BFC527A1D7357AFD56DAFF2A0033D,1,Naphtha,0
49B4E994B8EBE4C909475224817B2586,1,CPP,0
6FDCBDCE1A2CD19F291935D358355B0B,1,Fuel Oil ,0
6F74113EEB33919698D37FCA86F12DED,1,NHC,0
EA45A4F11172E454899E8D6760EDA0DB,1,Denatured Ethanol,0
D8B20CE7C647A1588B768454EDCE9057,1,FO,0
15CF23E61F6E581E94890E235AC69089,1,CHEM,0
9560BFDF2BC6DDA9A57C579928D4086C,1,,0
1A2B1DC16E37189A660F31EBC6108444,1,CPP,0
64E3DF436FA0DEB2D578CE7C1668036C,1,VEGOIL,0
D4575B04081E7979D9554B856374573F,1,GTL Gasoil,0
014B69F7CD903501B0A9427F7716EC8B,1,PALM OIL,0
6B147C0172EB1E6DBC29BAE2247643A8,1,Mogas,0
CDFDFD514C0D8D3C6BC33B4A3F8DDBCC,1,ULSD,0
79598DC988DC2962DB48188B95239F9A,1,,0
EDE9FF129D9492A08E1A6A6E3E598098,1,CPP,0
EDE9FF129D9492A08E1A6A6E3E598098,2,,0
EDE9FF129D9492A08E1A6A6E3E598098,3,,0
165C8339168CEE2A48D048B475DC28DB,1,FO,0
21F257ACFC9D4DE54A748CD83DEDC612,1,NHC,0
678B5B12F9B655BE49A6C8B7DE11D408,1,Naphtha,0
CC7802A637D2E8E64B166F4708436EB9,1,CPP,0
8F967560E5047FCEBE21EF283FB25CB4,1,CPP,0
A84DD782318302C19288BAF373A02D04,1,,0
199FADC7EAAEC53DF9E691562818222A,1,CPP,0
2F308689E9E60A6C499FF911725E63FE,1,Gasoil,0
2D196AD00914F3704CF74336ABE7FE7B,1,ULSD,0
2D196AD00914F3704CF74336ABE7FE7B,2,ULSD,0
2D196AD00914F3704CF74336ABE7FE7B,3,ULSD,0
7DE479BEF902F8482CAC8DA2D56FBD0B,1,NRD,0
AE8BAB4810D06966E69B778C102D03CC,1,NHC,0
70B36BEFDF491F92A9442236BF10BC83,1,,0
F11713AA423682A30FFE1AB5F378812D,1,CPP,0
94DF670F136698DBF1A6D9341E2CB775,1,CPP,0
952AEB3FE07BF099297CA7FA65C7B2DC,1,NHC,0
FE1DDECC4B403B0CD6BED77E9EEBF8E0,1,PALM OIL,0
1CB88B94F5E6E2F412AE66D9F351A140,1,NHC,0
292DA1DF2A4552BC6DDF2FCF62517F36,1,PALM OIL,0
63EDDD459C2B17D9A4A051F0FF051BE4,1,CPP,0
63EDDD459C2B17D9A4A051F0FF051BE4,2,CPP,0
63EDDD459C2B17D9A4A051F0FF051BE4,3,CPP,0
5BC2370DF9E14BB3D00F6145F4BB91E1,1,CPP,0
2930EBDE7C523FE753186950DBF6153D,1,Denatured Ethanol,0
B43197F6B14945B709A166E8D30773A1,1,PALM OIL,0
B43197F6B14945B709A166E8D30773A1,1,CPKO,1
F71C5FC6DA6E5BE59FF76B2F9DAD014B,1,Gasoil,0
38BBA82F4F6C63F96E3E87E850C969BD,1,RBDPS,0
38BBA82F4F6C63F96E3E87E850C969BD,1,PS,1
38BBA82F4F6C63F96E3E87E850C969BD,1,CPKO,2
38BBA82F4F6C63F96E3E87E850C969BD,1,PKS,3
38BBA82F4F6C63F96E3E87E850C969BD,1,CPO,4
C7F475BA38CBFE786AD92AFBDEABBEEE,1,NHC,0
4C2EBBD0DC671918BE8FFC10A76FD880,1,CPP,0
9CBE22A22B89A9E05C52172FD75ACB92,1,NHC,0
F485454F0501A6150A27F4B32583BD49,1,,0
2132DA1379812F176E3356906BC4897F,1,,0
8167011C569E487B33B6153AA511B9E9,1,CPP,0
630C24B79866A3AFCF420CC0EFAAD02E,1,,0
111EEC6573644F776080195EC7C0DD1B,1,NHC,0
62DB21A0AFDDC171643AC9DD27F5AFAD,1,,0
25ABDFECAE7BC46171817D8E8900776F,1,NHC,0
F8E5FA1600AB7A07993F56DBBABCCCB2,1,CPP,0
3EAABC296CA96A59995CEAC0C936164B,1,CPP,0
B1435F16EC93ABFB095513CC5FB68734,1,FO,0
00C699B395E336BBC27C833B36E04287,1,CPP,0
BBF19EAC175121A11E5487DA26F33175,1,DPP,0
DA8A130C89ED0729AF663C07BB4449B9,1,VEGOIL,0
4B6355915421118A526FC7EC87E87674,1,,0
C825A198E0623BC55F326950A6B2FCDA,1,CPO,0
C825A198E0623BC55F326950A6B2FCDA,1,PKO,1
C825A198E0623BC55F326950A6B2FCDA,1,RBDPO,2
2F1E16AC9C2CC648078BA300BF65C30A,1,NHC,0
B43197F6B14945B7B8C222611EC84C6A,1,NHC,0
8D26FB507A95D4155DD5BC9C36B92570,1,NHC,0
7D36ADAC40325B790419CBF20A1DA6E1,1,CPP,0
34131FA1033A4AE3C85A970B1A4C7D23,1,VEGOIL,0
913FA29BC52C0656D828F50186449471,1,VEGOIL,0
5CF091949D875152FFADCEC3552B4459,1,FO,0
8A024D7592F3DCA2BE37AF16F1B3AA78,1,NHC,0
987161D8ABBE471D4E10DE62E93F59F1,1,CPP,0
EE512A14F8399BEC7BC0CEF5488AFBB2,1,CPP,0
EE512A14F8399BEC7BC0CEF5488AFBB2,2,,0
EE512A14F8399BEC7BC0CEF5488AFBB2,3,,0
6227748A22F3EDA1F63FE30CFBC9DAFE,1,CPP,0
45CFAE9BA3898833EA01C18E11D16EAE,1,,0
114A9FF7D6460C06C85F44A232C12F6A,1,CSS,0
640D6AB2C10A01675C04F271B3C14C99,1,CSS,0
640D6AB2C10A01675C04F271B3C14C99,2,CSS,0
640D6AB2C10A01675C04F271B3C14C99,3,CSS,0
D09B2CE4071903FE871DC0FEDE8518D1,1,FO,0
AF14B64F34BCE3EBEB9401D7153829EC,1,NHC,0
784E59676C2089F95FEB345F55CE9AAC,1,NHC,0
05FD247B3BF08155C539EB1EF321FE4B,1,CPP,0
7C0D2FA8D5030EE056CC93F952543850,1,CPP,0
ECEAA6601C9BB1955597B860DE6C3E94,1,PALM OIL,0
056183E60051CC31B22F90BD8AF6D4F5,1,NHC,0
AD38975BD4AE44D1650E9801E6253F03,1,NHC,0
F31E352F28EA649CA9AC11BD77BD1487,1,VEGOIL,0
04FAD0AC5448D11E39FC0F00C2AECAB3,1,CPP,0
270BD6790EEC03C7FCC7DFFDE1A03D32,1,Naphtha,0
E47C210959F9252CA402E96D690A8692,1,VEGOIL,0
74E0EE8D3FF17986BB5963F638F70EB1,1,NHC,0
7B98BB7F23CC380B719B476B34DA2A55,1,CSS,0
4B13E252CAFDA63D3745C973EB2DEB99,1,CPP,0
A3FBE581131BB5B9DB16354EDA8FFE4B,1,NHC,0
FAA0E052869694BE67254EFC4DE918AC,1,CPP,0
83DDB763139A816A11C870438CED154B,1,CSS,0
3113D1D7D40C9A5B148B24F5114A3D9A,1,CPP,0
C3A2CCF1404DAEC5255D0B2EF3C370BD,1,CSS,0
D55A89F73C31B25043A7332335D78783,1,NHC,0
FC2294A91C70512883FA4319E96C7B1F,1,NHC,0
403512E109EE426609B6CDEA71CE7CB1,1,NHC,0
360A7698BDA022FCFFA9C7137E1CA7D1,1,CPP,0
DD468AC7BDDF17BA0ADDB07F335949AF,1,,0
EBEAB9CE269E7B5533ECAA83C45D0113,1,CPP,0
BEFAEAEC77F966757E02B2C2D8074269,1,NHC,0
4B6355915421118A526FC7EC87E87674,1,,0
7AB8AADA540AF763987D3B85C1690FA3,1,CPP,0
510E5F240D0BE2796C3284371C7BDC4D,1,CSS,0
88173E36BA115070CD22FB85E6CCA0DD,1,PFAD,0
88173E36BA115070CD22FB85E6CCA0DD,1,RBDPO,2
88173E36BA115070CD22FB85E6CCA0DD,1,UCO,3
06907FA586D97DFCB1C3EF551D143D74,1,NHC,0
D513668AD51B770D440A7964AEB1E1EC,1,NHC,0
986CC33072B733941A4A6C4C87C429D2,1,CPP,0
3D14DD9D844E33C3269E9680443E95C9,1,,0
77D01CB7402E1E7389AFF6538AEA2820,1,,0
DB783BE7FABCCED385B485132DF96454,1,FO,0
3574EA7A3A6E8EA88F22F43FD5023987,1,VEGOIL,0
8F7888FC7F5FE84FAC76CFAAE70D345A,1,NHC,0
937CC43C4785E4EE1EFEAEE3BB3ECED2,1,NHC,0
C179BA9FAE75C8C0FB35D6E691E115F8,1,FO,0
C1F84E2D6D437E9A4FA60A65747107CE,1,PKO,0
65E2D7B7545499CE338F31D316B6B0DD,1,CPP,0
BD4129EC6FC471A83938E8E9BE465AFA,1,PALM OIL,0
1D91F8D09B38142629A648767042A294,1,NHC,0
FE5848DF955ACE5ED3921DDF6BE558A0,1,PALM OIL,0
1B5043100B867AA1A09884CAB184459B,1,CSS,0
20AAE6E916DC3FE5F4CAAEFB69AA7954,1,CSS,0
33952688A519693770863907A8E924A4,1,CSS,0
33952688A519693770863907A8E924A4,2,CSS,0
33952688A519693770863907A8E924A4,3,CSS,0
ADAA30689686BBCAA256222C2292E11D,1,CHEM,0
A6FB92B6B2B9D60D9AE7B523CB10CDF7,1,Molasses,0
8F774FF985BDFBCC7D64CBA551B9A059,1,NHC,0
EC1BE4DE3B2052A0091331739C869A98,1,CPP,0
313281A3C6A6F1434A20D37D05A53E72,1,CSS,0
29C96F18E540DBD70A5326FC6784000F,1,CHEM,0
7B15DE2D1D67DC7184807BADD82C02ED,1,CPP,0
D1FB62EEA717C2965BEF7AAD7A0235EA,1,Molasses,0
5C60DB73A3F53C8A8A39B9D1B2C94D9B,1,CPP,0
413ECBFAD30B727A008AD256ED0B0CEE,1,CPP,0
E2A582FCDC6BE67EA7C4826C6CE9D8DD,1,NHC,0
16239312D9F1EC1735EA066EE29F06C8,1,CPP,0
E17E36148CE4EEB15027E77BA1F9DCDB,1,Naphtha,0
A3A6BD9A56673E7AE1AF9586392D4AA0,1,NHC,0
9D3770F2B0B06474E223983135E2E625,1,NHC,0
886F5CAF52B7B7BE2CC7F6551EBA55BE,1,PALM OIL,0
EC7E31601D5DD15DCE1CA61816EC23CE,1,NHC,0
114A9FF7D6460C06E53BBB4C7152B0FD,1,NHC,0
21CECF09AD78B8766E5D2208D98ADF91,1,NHC,0
D76EC49288C92C219BA3A882B00FEC99,1,NHC,0
E12BAFBAE73FEF4CC22DB58C648D91BD,1,GO,0
A237300109E434EC3A0144F267BE3808,1,CPP,0
FE1AD994E0652BF4A60A06137C7FEF59,1,Molasses,0
47987BBA831E1883DE60D34B51EFCED9,1,CPP,0
07C3FB3206929C9277F229BBAA08AEA0,1,NHC,0
56F021A05D6A7D874AE3E2CE17EE53D1,1,CPP,0
952AEB3FE07BF09906C722AE2650F629,1,Fuel Oil ,0
3D0CDEAB509E29272491D9D21D930A85,1,,0
9480D6062016CED4A51BA119B61DB3A1,1,CPP,0
E2A60E52C3582CC420B2ED9D9F590AEA,1,GO,0
1B2E19635061ABF9D6E834EBF8D3C3EE,1,CPP,0
AC355B5108F3C87B22ADE25623FC16BA,1,CPP,0
5755D8420A1CC67D9E123752FE7097A0,1,Methanol,0
DDBA81F36451E9CE1847A37CACE6C8BA,1,Ethanol,0
0D52F7F4D1F8980C279529AB10503220,1,UCOME,0
0D52F7F4D1F8980C279529AB10503220,2,UCO,0
0D52F7F4D1F8980C279529AB10503220,3,SBO,0
0D52F7F4D1F8980C279529AB10503220,4,PFAD,0
0D52F7F4D1F8980C279529AB10503220,5,PALM OIL,0
E5FF6F0E3BF84E651770402E837762A0,1,VEGOIL,0
C0D2F176552C3419AF1409A41210C93F,1,CPP,0
80C57A53F378B3D1D15481B1AEA4A060,1,NHC,0
AFCEE583B72E33DDB4684BA2E6783224,1,NHC,0
3631CFE45A6734520768483B6CC9902B,1,CPP,0
6DD429E39BDB0360803401810CF191FC,1,VEGOIL,0
04FAD0AC5448D11EECF968ED2D223457,1,NHC,0
A9215346CC256EC7368C1735EDA6CE38,1,CPP,0
07E08BBE1870C437477B0142DC88C825,1,CPP,0
B1F594CA83B5FA3D7F99ECB33E897127,1,CPO,1
B1F594CA83B5FA3D7F99ECB33E897127,1,PMF,2
B1F594CA83B5FA3D7F99ECB33E897127,1,RBDPS,3
B1F594CA83B5FA3D7F99ECB33E897127,1,CPKO,4
B1F594CA83B5FA3D7F99ECB33E897127,2,CPO,0
B1F594CA83B5FA3D7F99ECB33E897127,2,CPKO,2
AE8BAB4810D06966AD35274A09F75802,1,,0
2A935489EDD65A23CB36567617E66DAC,1,Base Oil,0
D79EF7A864BEEED8EB1CA449DCAF6BB6,1,CSS,0
D79EF7A864BEEED8EB1CA449DCAF6BB6,2,CSS,0
D79EF7A864BEEED8EB1CA449DCAF6BB6,3,CSS,0
5828FEEB75125066D8E895C93AE85961,1,CPP,0
C1C2AEB33373B6E5189339BE0E423622,1,Gasoil,0
285B5DE39747A8EA4C635899F5E838AB,1,MTBE,0
8F967560E5047FCE7AFBAF911CAF90D8,1,Denatured Ethanol,0
CB4C6A5EE1EDD87531BC68A8947EA63D,1,Crude,0
2D16E47B601A9C06F5783DD9F77FCD4C,1,CPP,0
0B9D0AF4338ED304BE927D42E226C734,1,CPP,0
BC2EF80A27F72AE9B665093EDCE70FF5,1,CPP,0
9817CF630963868DA5B4A0BBD3727F62,1,GO,0
ACB53867FF9FF46A9CD296E9934012D3,1,VEGOIL,0
6C14641ADB3DAE3A64B270C89632ED87,1,CPP,0
B1FB3C8A7937597982545789B834EA59,1,,0
270BD6790EEC03C7674E385D8DC6EC2A,1,MTBE,0
270BD6790EEC03C7674E385D8DC6EC2A,2,Base Oil,0
389AE023E2D4161E0ED958EFF53FE912,1,Gasoline,0
198E81F3F92325ACC081E6B5B541FFB4,1,PALM OIL,0
D7F67E5DE09DF22C41979306DC6BD5D9,1,NHC,0
5B39F40C3D3C674907F595DA560D4A65,1,CPP,0
CFDED89B095BD54CBA44F46EE3746D03,1,NHC,0
BD4051B3CAD54517CA656BCCCC27E65F,1,CPP,0
F4CC54E8A968777B96BE7A3543D1063B,1,,0
F25578268AE09CC66A2638D0403CDF89,1,NHC,0
12AA680162EEE6916F0037DDD981D8AE,1,CPP,0
2DA0080E56ACACE75ECEB989D76DB933,1,,0
FB74F1EFEB9D8311E20AAA9E5CC1B335,1,Gasoline,0
2C591F71CF90811F0E9BFD106B78DE40,1,NHC,0
4BFE9A550CC8262C2722AF6C2E5D5498,1,Naphtha,0
8D9787D1C13289B2ED503D5212451C71,1,MEG,0
8D9787D1C13289B2ED503D5212451C71,1,DEG,1
8D9787D1C13289B2ED503D5212451C71,1,Styrene Monomer,2
8D9787D1C13289B2ED503D5212451C71,1,Methanol,3
F84B913CBA7B46A0DAE0C14A7DA7AC97,1,NHC,0
E001DB86365367E238E1C5ABF9B9D780,1,Ethanol,0
4DC68E8016C73B06524BDEDA24653829,1,FO,0
51187285F2BDE2C8312DB0D2DB83BEAE,1,CPP,0
4B2777989C61F504AA8C49ACC9215FCB,1,FO,0
9424DC82672693E059F3CDC716E56FBD,1,Pome,0
9424DC82672693E059F3CDC716E56FBD,1,UCO,1
45861A18CA360D2173D7A1DF1FA15BC2,1,Methanol,0
4C27F6090BE08CDC2ED81BFD8B69270E,1,NHC,0
DC650BD83DEC20EDBB98FAFE230258B6,1,CPP,0
6CA6906BD424F9D8587C82C90201DA91,1,Crude,0
43CC6792735B116610AAA5059E55FF98,1,CPP,0
3B0A506338FC831420D975206538B369,1,NHC,0
22DFDE403F148EF5A5CDECC45AE99167,1,CPP,0
2D3729F01688442BDABF842D1D0365C4,1,Methanol,0
07BD59500E737BDB3A81AEB5BE6E324D,1,NHC,0
12D88778F3D2E749A1642556139F858B,1,ULSD,0
211975EC170808D72815CABBAFE9A4F6,1,Gasoline,0
98C5EFA039AB1E8E0EC8BEAE574A8372,1,NHC,0
5B13F4D649FEA3C904D783C8A7F42DAC,1,CSS,0
4CFF67706113C4DBA26A52C10D092483,1,CPP,0
01D3CBFD8F42B5DB906D2FCC0A7F0B15,1,CBFS,0
5DA3A0CE81722746232DE504CFC4BB22,1,CPP,0
9D1334F315007244B5595415BF73982E,1,NHC,0
0606AC29EBCC60207832F3809CC51EC6,1,NHC,0
4DC68E8016C73B0622C316D386366EA5,1,CPP,0
91BFEA5613AB3C586B3DC0D9E4544744,1,Methanol,0
06525F753011695D51AAD329A8F303C2,1,Gasoline,0
A63FC4A99F02334C43FF0CCEF12E0E5A,1,CPP,0
1CABC447557EC8BE47CE4A7AADB402E9,1,FO,0
F25578268AE09CC68DCA2993E5348485,1,FO,0
AD4D8CCAB0B762D055BD06F515C3F81E,1,CPP,0
0581D609D4E0294B5AD6B047BC8FD21A,1,NHC,0
17595EB86D907C50D7D1F672E56EEA40,1,NHC,0
5DFF67E79405B34A8579C4EE82283835,1,CPP,0
05FD247B3BF0815548DD5BAAA4C7FF25,1,NHC,0
EC1BE4DE3B2052A027982817A6D68725,1,CPP,0
21450361FD1357F438EA6D539D5A61A4,1,PALM OIL,0
28A39A562ABA6C84BD18CF5EA65A53BE,1,CPP,0
155C0407BE8D598FE61D135A34A3BC97,1,NHC,0
F20404461393BB6D1A54F5E8A1F1BFB0,1,PALM OIL,0
5B6E4BC5F6032F6D8A0D537D6E4454F8,1,FO,0
78663D914800AEB516CB169E7566AB4B,1,FO,0
EB22F7E1F5E3A1B64B0E60F1C577933D,1,PALM OIL,0
63DB00CCB7FC8BF5EAF3334AD544F596,1,NHC,0
8D31A58F12B3BF9D08715C61D37FD102,1,NHC,0
589FA7F1B5E452500836A63A5E583195,1,ULSD,0
33E6A231F55E1030B5C7E41AB9EFD04E,1,CPP,0
67D5FD4BF27B5C477C560272AFD2C523,1,Methanol,0
FB9FE3732B3BCCB544E3994CE788D318,1,Naphtha,0
1BEEEE1A5DE0E729E5BC146406F9EDA9,1,,0
1A2B1DC16E37189AB46DE7FBA4D4F520,1,CPP,0
8E355722A055210342AE3EE52AC6593F,1,NHC,0
4CD16F8A2A533DD5B5826EB79AE4A6DA,1,CPP,0
30A4FAB20E8F89DD818CBAAD2FA1A38D,1,FO,0
81DD142C764466C9952FA42D231AA994,1,NHC,0
AA2FF0D4B0823448258257778595AB4F,1,CPP,0
2A838212311E89B13B355E1EDA52EEA6,1,CPP,0
8DC68D0F6017AAF74063CE82C1175813,1,NHC,0
AB6891283FBBDAF6C9A775E75DD89117,1,VEGOIL,0
CFA54B2228116E6DF44EFB35DD431C6D,1,VEGOIL,0
4C629C765CF1C8C16CD5534D15BB9E3F,1,NHC,0
21BFF1AD7F05F264629E93624ACD9E72,1,CPP,0
986CC33072B733941435EE5DD68BC6AB,1,NHC,0
3ADF28F89ABD7CD76136602A5EADC6B4,1,CPP,0
6C863D944E47B92637678C57BFA026FE,1,CPP,0
16239312D9F1EC1706E1E5B9170EF70D,1,NHC,0
9873957C11F37CC1878D7D3263F250E9,1,,0
17C53A86E1FE6B6D8D295F0300A87E32,1,CPP,0
658249579C8F8B012D61888FD6438742,1,Mogas,0
CC456EE7613BD34BEB7D07A8D2C70955,1,,0
086C0F3F643AA13DAE20B63896DCB235,1,,0
BC2EF80A27F72AE92111443D85AB7534,1,NHC,0
33952688A5196937A519572A6208F33A,1,Ethanol,0
D7B19BD2BEEE409989A218D8314EA55B,1,NHC,0
7C6C61CB6EA3D9486BBF36AF3F6AFB62,1,CPP,0
67D5FD4BF27B5C470EF8999821F5DA47,1,CPP,0
61C7BF4800896A32FB5076294D4FA679,1,CPP,0
BBD147411C152294E33E6EB7CEF3C2EE,1,CPP,0
C1C2AEB33373B6E51EAE6AA8D7120DC2,1,Gasoil,0
3BEF581B057AFEE036A1C9C6A3C72D60,1,VEGOIL,0
A5D40F57A0BF9294C43C0186FC991763,1,NHC,0
40EC1DD87BEB000C92A7E82FA7B10ADB,1,Gasoline,0
6BEDCAE05D58703FB26C5573B986B340,1,NHC,0
414A80ECBB1C9412BB8D11701579FBBF,1,Mogas,0
C7831BB6860EF7FD3957F81FA1EB725E,1,NHC,0
2982E0F8C0243DCC720917C60DDC72C8,1,VEGOIL,0
4EE6C685CBB1E150B23379F645C9FE19,1,CPP,0
C612188FDB9F0594F1429ABB1FBDE17E,1,CPP,0
895F74F35FCF145A8C9770E34FF06475,1,NHC,0
E1FE677F7D485CCABD0CE47F8189B9AC,1,MTBE,0
18913A8D408039297B6EA9566B29C62C,1,Gasoline,0
CEA59D47A807B3320B9C4B69C5A04465,1,Naphtha,0
74E8116DAB3B129DF5C5A3B5427EE903,1,UCO,0
718999922BF32D2C1B76A93807F54B5D,1,CPP,0
718999922BF32D2C1B76A93807F54B5D,2,,0
718999922BF32D2C1B76A93807F54B5D,3,CPP,0
E2A582FCDC6BE67EE52776F3AF2D4D66,1,CHEM,1
E882521F68AEDFB02FA5AEA042DE53A5,1,CPP,0
C3EB7BE38EAE8FEB5BE1B1785BA1C0F3,1,VEGOIL,0
651A2DFC3E1D58EEBF51597CCCD4D793,1,Naphtha,0
4F28BB9467ECBAEFE18AF06ADEDDA5B5,1,VEGOIL,0
CF5A92474F6510C4B3DCFB2B307E2561,1,Gasoline,0
5CC723801AFFAC939592E9BAFBBDEF06,1,CSS,0
2D3729F01688442B63D91B819D47904B,1,,0
36D21B2795B1B538C34BD0C09E340046,1,Mogas,0
3F0575AC8C3CE5A3293E169E87CEADBE,1,CPO,0
3F0575AC8C3CE5A3293E169E87CEADBE,1,CPKO,1
A833CF18930E64E2A8E905F6892A799D,1,NHC,0
DE1D78B930CFB790A05124FE65416C73,1,VGO,0
64F612013E31F438FC3D29BDA92FC3A6,1,NHC,0
15F3B33A053BC1D79977615972AAA4B7,1,ULSD,0
A0B05E14B72C5C9A6EAAE7CA796B8204,1,DPP,0
CF5993A746A9781BF3D1FD4CE1FB44E8,1,CPP,0
B1435F16EC93ABFBF839FF70B44C18EF,1,Denatured Ethanol,0
C53FB30F82D512F6CC179EBE59C229DA,1,NHC,0
F07C63363AA52CE4365CA914ACADF85C,1,FO,0
72F12CF851B8A82FCBB64ED81F14A770,1,NHC,0
63EDDD459C2B17D9599D6F9DB1AB3B90,1,,0
FF61401FC10F1C32D1936FE7D2D62377,1,FO,0
DE49B4B5CF8635C02176A29545BA609E,1,NHC,0
F3E3624EA450D54929F72FA4F254B045,1,NHC,0
4F60B7FBD4240E6392ACF76EC82F9E0B,1,CPP,0
4F60B7FBD4240E6392ACF76EC82F9E0B,2,CPP,0
4F60B7FBD4240E6392ACF76EC82F9E0B,3,CPP,0
A678D015AECA2995C965DBE1D75FB47F,1,CPP,0
A62C3C1655BC456325F0E18E613F9BBF,1,CPP,0
71D6C94E8B469F55FFDC9172C3109FEB,1,Gasoline,0
A6972D47926FEF4047E3FA652CB1F9A2,1,NHC,0
B76B7FFEFD24E268345F80BC2E96F7DA,1,,0
986CC33072B73394872D78B7A28444FB,1,NHC,0
2AE2F5054CF40F603AACD9A4C65EE7B4,1,,0
AFB7F6E535D053E0677F8798E46C5CD2,1,Gasoline,0
83DDB763139A816A2F3F7CD54F5E4A7F,1,CPO,0
83DDB763139A816A2F3F7CD54F5E4A7F,1,CPKO,1
D37A7EC1F7225D10AFD884FA9F5133B1,1,PARAXYLENE,0
6C1829C10FA4B9251858319C0ECD3635,1,CPP,0
AB7D7098A10D5A61C2C55D41975AB2A3,1,CPP,0
F1087F1FE32E3326130F2346126EE636,1,NHC,0
56D44465570951BD532051128CC07E94,1,FO,0
403512E109EE4266E34B000DA1111B91,1,NHC,0
07C3FB3206929C9224225DA144077DD4,1,CPP,0
54FA176694C777470B168996402516F0,1,CPP,0
8E0DADEAEF1D39F148FCC839AB867235,1,Ethanol,0
F67ADE9C5426B704D8DB02828959F0BF,1,NHC,0
173AA657DDC12A2292F425DBBDC523B9,1,CSS,0
63C74A5CA5B410724E72523003ED64AA,1,NHC,0
C54A2E094A8384E884D115E22AD5AB13,1,CHEM,0
CE69AD8FE0838DB2A3979767FF2362F9,1,CPP,0
CE69AD8FE0838DB2A3979767FF2362F9,2,CPP,0
CE69AD8FE0838DB2A3979767FF2362F9,3,CPP,0
CE69AD8FE0838DB2A3979767FF2362F9,4,CPP,0
BEAEF4B56052E35E58023CF3D468ED2D,1,CPP,0
CF651AF344F7A0E98B712CCB56E5CA80,1,Jet,0
CF651AF344F7A0E98B712CCB56E5CA80,1,NRD,1
0D52F7F4D1F8980C9B414A95C5ABF589,1,NHC,0
77D54450950FF3869521313B85792266,1,NRD,0
77D54450950FF3869521313B85792266,1,CPO,1
77D54450950FF3869521313B85792266,2,CPO,0
42E22DB0C9667025D878DC22ADC60F61,1,CPP,0
235B33558EDF08D570FE72F02B50EFB3,1,CSS,0
6FDCBDCE1A2CD19F4E665E754F2F77FD,1,CPP,0
382AC0EFF5DCCD826E5C2D081B0192CA,1,CPP,0
4B6355915421118A8CD264899BFE0876,1,VEGOIL,0
D507929F4387A142939AE093266AC467,1,Gasoline,0
0E65343A82514C88D4E2DDAAD63F5405,1,VEGOIL,0
A3FCB72E20B08FE10AE883431B89B483,1,PALM OIL,0
33E6A231F55E1030381E7EE06FB9E7FB,1,CSS,0
EF2AC32A9F4AC4AA6BFC2815FE37178A,1,CSS,0
6806EDBA29894F60B0EB2A9533E6457D,1,NHC,0
CEF3067C99C4218B23A52D66D850049B,1,Mogas,0
639BB01715DBC4C4281C2428CA59768D,1,ULSD,0
639BB01715DBC4C4281C2428CA59768D,1,Naphtha,1
360A7698BDA022FCAEA6E3DD8917CD87,1,Ethanol,0
749043BE0CB63655FAE6F48F0E9EABBE,1,CPP,0
7B4DA54E2338E7FECDE348428F38D4B0,1,PFAD,0
7B4DA54E2338E7FECDE348428F38D4B0,1,RBDPO,1
7B4DA54E2338E7FECDE348428F38D4B0,1,CPO,2
7B4DA54E2338E7FECDE348428F38D4B0,1,UCO,3
7B4DA54E2338E7FECDE348428F38D4B0,2,NRD,0
8C81CE3974A9207220398D064F1CBEBF,1,CPP,0
5CC723801AFFAC930EFD1661AC57E0F2,1,CSS,0
B43197F6B14945B7CB8DC376246FC40D,1,CPP,0
A29AF9076D787092989014ECB16FB434,1,Mogas,0
913FA29BC52C06564C2879B40305CC0B,1,Gasoil,0
913FA29BC52C06564C2879B40305CC0B,1,Gasoline,1
EB4C8654067792F84652F487C32D5346,1,,0
22DFDE403F148EF5F778B461183F03CB,1,CPP,0
8CC2E0735B0FCF43DC11CB945B87ED50,1,CPP,0
9AE7500F01EAC2D8E204E2A39703DCE0,1,,0
3DDF1360802F78451489E4EF2DE5D855,1,,0
1D91F8D09B381426050FA66B8906C44A,1,NHC,0
E2A582FCDC6BE67E16EC64C22595E072,1,UAN,0
BB9129CFB6750C4415CFD3909AB45174,1,NHC,0
9861D70191809EAF453CAE08D7D442C4,1,UCO,0
9861D70191809EAF453CAE08D7D442C4,1,UCOME,1
9861D70191809EAF453CAE08D7D442C4,2,PME,0
EE512A14F8399BECB69BEAC09CBB06EC,1,NHC,0
D28F2105589550DF600CD4D64E156466,1,FAME,0
78DBD93D4999F30CA441C6E9E979C4AA,1,Ethanol,0
C4EEA5F30B14165107203802C8D278F0,1,NHC,0
0B6EA03085311439A2AD0878F1E84F57,1,PALM OIL,0
0B6EA03085311439A2AD0878F1E84F57,2,PALM OIL,0
561851E50631B50F675B6EC06EECC556,1,NHC,0
0361DA15A3A49DB94A9447BC998EA70F,1,CPP,0
C1F84E2D6D437E9AFCBA1AAB837A54D3,1,PARAXYLENE,0
C1F84E2D6D437E9AFCBA1AAB837A54D3,2,GTL Baseoil,0
C1F84E2D6D437E9AFCBA1AAB837A54D3,3,CHEM,0
20AAE6E916DC3FE51240C9EA47ED9808,1,NHC,0
CFD0337E290011559C9B219167085F03,1,CPP,0
48DF702582B8EBE68F660848FE989E36,1,CPP,0
EC1BE4DE3B2052A01DA7084124116B01,1,NHC,0
DCA773070ABC1145C02BF6296AC2FE00,1,FO,0
52A30F86443D951A912B3E2A1EF9A9F5,1,NHC,0
2888B5C68FAAE9586D744CE5292D95F2,1,NHC,0
49C24A39F08FC37FF62232E3F4917C96,1,Gasoline,0
A6D03816F345BFB81FBC77F6A76D2309,1,NHC,0
5236AE6116FD7BFFF0B70A66E77DB6F9,1,,0
209D06702B1690A4C5E8513A3DB69ECA,1,NHC,0
64D5A65C44567D283D92D1762FF9AB03,1,,0
91015EB67C3130038C0E94E2EC57F9D4,1,NHC,0
AC355B5108F3C87B22ADE25623FC16BA,1,CPP,0
772B55AE9891A73BF2A131EB30835C92,1,NHC,0
FA21FD1C4A1CD6DB44B47827265D8969,1,MEG,0
FA21FD1C4A1CD6DB44B47827265D8969,1,DEG,1
FA21FD1C4A1CD6DB44B47827265D8969,1,MTBE,2
ED58CD9C111AB2CEEF7D5A31BA5FA69E,1,PALM OIL,0
1A3CA89F70461E98FD63FD061C7B692D,1,CPP,0
FA6677F126A0E41844ADE0C31F3334D1,1,CPP,0
73978EFF90923FD7013AEAA9C820B5DB,1,Ethanol,0
43426345FCBF57A4BEBA20C038FCE0EB,1,VEGOIL,0
6C5ACCAC38078103AC442ABC8F953F4C,1,,0
E46AAB0D3714C87E96B18BF9EF9425AE,1,PARAXYLENE,0
E56ADD4194F9171120BB7CD249FD0172,1,PARAXYLENE,0
E56ADD4194F9171120BB7CD249FD0172,2,Base Oil,0
E56ADD4194F9171120BB7CD249FD0172,3,N-Paraffin,0
79A5719468B378FD2E6F50B8EA06FA81,1,CPP,0
4514EA439346A6C54C716E373D487B69,1,Ethanol,0
FCB2BEEAF808AD8883B83511A1A8C90C,1,Naphtha,0
814A361E6F640821FEA1748DA37C11BC,1,NHC,0
08534FAB502917D9C8C93C16B22E7AF6,1,CPO,0
08534FAB502917D9C8C93C16B22E7AF6,1,RBDPO,2
389AE023E2D4161EE6BF49411AD57BD0,1,Methanol,0
21450361FD1357F4C339D0243F0E37B4,1,FO,0
DC7B4BC27FD3E047B14F74EE28EEC442,1,Methanol,0
F67ADE9C5426B704833DA3EBA812597A,1,CPP,0
B459A70DD9D2FB8B85085C194AE6B6E3,1,VEGOIL,0
7C8B4F3F41838D892F23F81EE15961D5,1,CPP,0
639BB01715DBC4C49333B7DD028F3759,1,CSS,0
638894830FD99BC3C88432B03397F732,1,,0
77D01CB7402E1E73B22967D81B2E7983,1,,0
F8340B946323D646A45EE1071A42E485,1,,0
D57CA2063B01C7BD573C50BEA3D39F31,1,,0
F1C32F0B801A2CEB1243DB3128811A07,1,GO,0
B1E69A0C74F4BEA4D3BDEE22617EC0C0,1,NHC,0
415D5C6AC7617F23E5AEC7D0B00429C8,1,PALM OIL,0
937CC43C4785E4EE6E55F5FFA3E6BC5F,1,CPP,0
B1435F16EC93ABFB237FAFEB1B912232,1,NHC,0
53C84FCDEA5F406892D471D7478D34CA,1,Naphtha,0
BDEA0AD71D00DE30244B96E0D474F30A,1,,0
65E40BDDD962FC2AB80665FBBA948D1C,1,VEGOIL,0
99B48A75ABC5D31E27D3316C977A3431,1,CSS,0
341664BCA5793680CB19DA8C242281C3,1,VEGOIL,0
648ECB14EDECDB958FE36C4C08BB40EA,1,,0
3A12628EDEA4D85A4231E7500602E7CE,1,CPP,0
5A8C1294FDEB967CCA2092CE6F29A490,1,Gasoline,0
4C889227D2BB27AFF32725E9EC158DDA,1,FO,0
9431FCA8FDB59ABA3BEF91E4385F3140,1,GTL Baseoil,0
A66CB30E1A7A504EB0CD1ACB6A575913,1,NHC,0
681A114C902AA2B94E7407ECEB9F8E04,1,Molasses,0
C0351B19CA316CF27744C65240C0F760,1,CPP,0
839759D80B554FAD94DB969C15190C8A,1,Mogas,0
8A1AFF1F56DE4E927CBEB75713585C1F,1,CSS,0
96D538E36EB88ED8F5338290CFEA7EB5,1,NHC,0
B459A70DD9D2FB8B85085C194AE6B6E3,1,VEGOIL,0
CE69AD8FE0838DB22D8EF1DF051C1470,1,CPP,0
85755803907BC4DCCFDDAE91CFC6DDD4,1,CSS,0
85755803907BC4DCCFDDAE91CFC6DDD4,2,CSS,0
85755803907BC4DCCFDDAE91CFC6DDD4,3,CSS,0
85755803907BC4DCCFDDAE91CFC6DDD4,4,CSS,0
85755803907BC4DCCFDDAE91CFC6DDD4,5,,0
239ED46AF84190AC7C58D4BCC146B056,1,NHC,0
17B2CFD01C3DFC1B115C7AB1D7AF2058,1,VEGOIL,0
EA7C9C151C3D2F846819CBC4D25B4B9E,1,Mogas,0
487F07AE6D6E0D3CC872AF2773EFCAAA,1,MEG,0
8333B60A99A2CC47D8552D9D45D53AD0,1,VEGOIL,0
E7ED29BC3A04C4E3F44CA4C857D0D633,1,Crude,0
8CC2E0735B0FCF43A12EB1CD123199DB,1,,0
E768EF2CEF3A659B9F5CE914CAC6FD0B,1,CPP,0
16239312D9F1EC1761EEB12A1134DA76,1,NHC,0
06458016393A992D5789CC36876C427E,1,PALM OIL,0
0F2F415E3FD46B97C71150909E8316EF,1,Crude,0
6E9D0840B2C7C0F24C86F0BBD40323B5,1,CPP,0
ACB53867FF9FF46A84436CC8B29EB802,1,GTL Baseoil,0
ACB53867FF9FF46A84436CC8B29EB802,1,N-Paraffin,1
ACB53867FF9FF46A84436CC8B29EB802,1,Base Oil,2
5A345C87B8E37C96DD969B8742198FEE,1,FO,0
63B2AA8279FCC78A8E330952B2D8838A,1,UCO,0
63B2AA8279FCC78A8E330952B2D8838A,1,FAME,1
6D1A77F09B4B6EB46D42319F304FAAB4,1,Gasoline,0
6D1A77F09B4B6EB46D42319F304FAAB4,1,Jet,1
6D1A77F09B4B6EB46D42319F304FAAB4,1,ULSD,2
D8A2EFEA1736B651772F9CB843AB3E5C,1,,0
A1B7EAD499ECADBD78F66CC314F63864,1,NHC,0
DCDC3FF4EDA1B33FA09CB22A1F330F26,1,NHC,0
382AC0EFF5DCCD823BF88B4B9EB1AB36,1,NHC,0
016CAF901A452B5607DCA8420CC114F2,1,PARAXYLENE,0
07BD59500E737BDBBD8F3CD7965A1559,1,NHC,0
FDF647B706824FC02D4E423C0BBA54A7,1,NHC,0
0F031D50B7F4C9D0FAF76B1B51E8A63B,1,,0
E7D52C024E353451B8F0F940D7590B71,1,NHC,0
F580A1E064C7FE949CAF65B1007ED2F3,1,NHC,0
15CF23E61F6E581E0E8A6A575CD7C01B,1,CHEM,0
9CD23C74ED7F91E0581F5DE5FA5A951A,1,NHC,0
27ADF151D9858D70EFB26FFA8CED8395,1,NHC,0
0DC4988880A3A2DF75C6E441DAD5B20C,1,,0
FEBFFEFE37FAA0BB19E844701A2C2033,1,MEG,1
FEBFFEFE37FAA0BB19E844701A2C2033,1,MTBE,2
28188FD5ED43746A244F4D2C3425F03C,1,CPP,0
F315231430F7574FD3A2A0A5D758DA5B,1,PALM OIL,0
F315231430F7574FD3A2A0A5D758DA5B,1,PME,1
F315231430F7574FD3A2A0A5D758DA5B,2,PFAD,0
F315231430F7574FD3A2A0A5D758DA5B,3,PME,0
E1287E7E84F91F1248AF0EA14394BA2F,1,CPP,0
5F18FB1FC118D4D7B9FF37E36B6EFDA0,1,NHC,0
16239312D9F1EC17A7AB44986DA380A4,1,CPP,0
5B13F4D649FEA3C9CDB5FA2D2B9B0E08,1,CSS,0
5928F448CB2BE76995B4D025DC6EB363,1,CPP,0
99B48A75ABC5D31E566A2C6E2DBC5410,1,CPP,0
02BC58F6DEB52F171327A0541A3AF24B,1,NHC,0
91E2F3E477634FE1A2BB42A8E3AE0C76,1,,0
45E0D862CE821226C1096D418595A775,1,CPP,0
5BCA3B101E356CCAB77044C332D057EF,1,CPP,0
11E31FF10CD99B12DF5CDBBA35201A28,1,CPP,0
3B1D5F9920E7549F136C05F50C953A8C,1,PALM OIL,0
D977C6BC9147A63BB91B9E2E57A9A20E,1,Mogas,0
E173F1B3EA6A51A505BDE046A2C65BD5,1,CPP,0
287A3CD45ED958E3F093DA1A97092564,1,CPP,0
2C591F71CF90811F93C06F5AF195A627,1,NHC,0
26B978F9DDE527A4F90613D5F85A9991,1,CPP,0
26B978F9DDE527A4F90613D5F85A9991,2,CPP,0
26B978F9DDE527A4F90613D5F85A9991,3,,0
2D356AAF66E43B57490D2999B9FACEA5,1,NHC,0
BF46FB0602F0329956A9D8D2A881407B,1,NHC,0
83DDB763139A816A85662FBF478BEC60,1,CPP,0
73978EFF90923FD7E586541B8D843894,1,PFAD,0
73978EFF90923FD7E586541B8D843894,1,CPO,1
73978EFF90923FD7E586541B8D843894,2,PKFAD,0
4F3646B1A35C14C580E2F47F0B783287,1,,0
8E0DADEAEF1D39F18244BAC3099301D3,1,NHC,0
94B62430940AC19170066DF1941E8A72,1,VEGOIL,0
3BC9BCCD92D498FEBA94B598D5FA8D66,1,CPP,0
8354B5462DA89FD6DFFD90FBCD2E0462,1,NHC,0
316F4D02E623BF033931ED0D4C689D21,1,NHC,0
F315231430F7574F2801632D7025CCB9,1,CPP,0
09937CC14196235E97BAB7CBEFD1AF51,1,Mogas,0
2E0CF5F417192E11ABB5417B9A1A2C98,1,CPP,0
94B62430940AC191F2175109948BD7C8,1,ULSD,0
5DA3A0CE8172274610371DBC4578E364,1,CSS,0
138DFD2472689EF2780DDC5278F45DBA,1,CSS,0
44DB61CA1ACA4CC536F68C07452A8344,1,Gasoil,0
9745A3BCB2E32A6F2D8F274EF9126AEB,1,CPP,0
3A12628EDEA4D85A1586AE41870C7F95,1,NHC,0
E435E3CFE4AA4E1E0309763D5A195C17,1,NHC,0
7A998CBE0D870E723FBD12F65DF2EC89,1,UCO,0
7A998CBE0D870E723FBD12F65DF2EC89,1,FAME,1
52A897EBBB3E23EE48B1AB2B6D80DDB9,1,CPP,0
B2AFD6EB9BA46D62BEA0C9DDD3761C4A,1,NHC,0
0FE42D4ABB59AC86928D4C589C916451,1,VEGOIL,0
EDAF124927C3ED488279B048C0BA968B,1,NHC,0
2400C90B8D934DF3C0B99855F6E9EED4,1,DPP,0
1FF1C99572E4BAB4135B00B9D36C7994,1,Gasoil,0
C83097ABCE0BA78350FB2F0D6043E458,1,PFAD,0
C83097ABCE0BA78350FB2F0D6043E458,1,CHEM,1
C83097ABCE0BA78350FB2F0D6043E458,1,RPO,2
C83097ABCE0BA78350FB2F0D6043E458,1,UCO,3
F3E3624EA450D5493E482F9BF228EEB2,1,CPO,0
F3E3624EA450D5493E482F9BF228EEB2,1,CPKO,1
752821A9C51C3FA9D2FEDF5716CA5B0D,1,NHC,0
DCA9617085514CBBDF618F39C48A1DEA,1,NHC,0
9560BFDF2BC6DDA977D38758971D74D7,1,VEGOIL,0
31544B83B81C4070D41E722115B8F5D4,1,GTL Gasoil,0
D532368F05502A768B54BD3877C13D3E,1,CRD,1
30955938B410B7B42CA4AE378309928F,1,CPP,0
36AC34F826B1DD0AB2D9A0C1128F902B,1,FO,0
9383894D2013C2021649A5BBC7F7C340,1,Gasoil,0
DE80FE135BCCA997AD8F204802AE36ED,1,GTL Baseoil,0
787F2CA660F1C3FCC2ED5B73B8FFFA13,1,CPP,0
43CC6792735B1166FDEB3BC665802995,1,CPP,0
E9746CAC9800ECB6084096A11A6D7D15,1,Crude,0
A087A7C97F4C01DA03434E502E02D1C2,1,VEGOIL,0
368FF18DD7E2B2AF2986333BFB3EF5D6,1,NHC,0
71705D54F16B54A4DF91F79DE0822B22,1,NHC,0
24D87EFAD85D579C2728DCA3B5DDA809,1,CPP,0
448AB145307BF5EFBA56812335F82737,1,NHC,0
A8E3B460359C9DA39F57FD0D1ACB60A1,1,NHC,0
835F47FED86FC9D1FC1805A854CC5376,1,Gasoil,0
947BAECB67AAF79ED188BDD09B4C6779,1,CPP,0
56C2A3D4D953A28121C13007680C5888,1,Gasoline,0
C57457ACFA22CAC00C511DE9F62E2BB0,1,Denatured Ethanol,0
1E66A4C138CDC884B301B71CDC598D26,1,NHC,0
B951A9600F508196AACF8C52C78D3A80,1,CPP,0
62220ABD426E6A889911DD36729649C5,1,CPP,0
2930EBDE7C523FE76AD9D2612E61672F,1,VEGOIL,0
6FEF70E7C5412B39A4A0924DA5C2DA00,1,CSS,0
A833CF18930E64E2CCDC59076E97DC08,1,CPP,0
A833CF18930E64E2CCDC59076E97DC08,2,CPP,0
6C1829C10FA4B925BA7F76274C31AB10,1,CPP,0
91E2F3E477634FE1553AF8EC81C0B93B,1,NHC,0
CA42F449FCDCEADC3658AC43DCF50245,1,NHC,0
C822845C889B2CC19D78B691C574EEE0,1,Mogas,0
C822845C889B2CC19D78B691C574EEE0,1,Naphtha,1
CC456EE7613BD34BABCD039302D4FF29,1,NHC,0
201A6A751490A8DB19ADF0D0443D826D,1,NHC,0
F8F5953CE4020DD49F8D41FC976A35BC,1,CPP,0
F55B249A18B20FC48516705A48DA596B,1,Styrene Monomer,0
F55B249A18B20FC48516705A48DA596B,1,Methanol,1
F55B249A18B20FC48516705A48DA596B,1,MEG,2
F55B249A18B20FC48516705A48DA596B,1,DEG,3
61912D5377419C9B082FFC087AC90F16,1,NHC,0
316F4D02E623BF03EA9BD8260449EB8D,1,NHC,0
198E81F3F92325AC8CA73CB027F1AA45,1,ULSD,0
C262A255305F0CD4718D298335C6CFAA,1,DPP,0
AE8BAB4810D06966864CE3445FE3C79A,1,NHC,0
2D3729F01688442BD63932BB6F417E5E,1,CPP,0
D527FB008548C94C4FBDF509D179B841,1,Mogas,0
6901D920CCF2674B519822AC140438AA,1,PFAD,0
6901D920CCF2674B519822AC140438AA,1,UCO,1
6901D920CCF2674B519822AC140438AA,2,NRD,0
6E01BEE5223C9F810CC8FC2D4C325783,1,NHC,0
FB74F1EFEB9D83117EDA9FC02F3B7F00,1,CPP,0
068CFAD15ACC5EDBFD858B52519E3595,1,Gasoil,0
F315231430F7574F614D430D0941A86A,1,Mogas,0
78F4F41CE1F70126539E7AF29F1DBA78,1,GO,0
9853361BEB8D7CC5B010F782574CFFC8,1,Benzene,0
9853361BEB8D7CC5B010F782574CFFC8,1,Toluene ,1
9853361BEB8D7CC5B010F782574CFFC8,1,Mixed Xylene,2
7B3D584D1E592D647217A9E43E97773F,1,NHC,0
506961AF0F3AA05FE741AE6C0E5AEF09,1,CPP,0
5EDAD28525BBD9AB9688E390D60C4BE8,1,Mogas,0
14A1B39392D61DA4713869F89FB849CB,1,,0
2EE2803903B085B5330ED68F32390840,1,VEGOIL,0
FED6C7FB38D22C40C2DE170261BEE541,1,Mogas,0
B76B7FFEFD24E2686266D75839526C96,1,CPP,0
DF8ECE62175317FAAE9DC59F6DA76866,1,Mogas,0
DF8ECE62175317FAAE9DC59F6DA76866,1,CPP,1
067E05FA0E2E128295DFECFF74F3058F,1,NHC,0
0CB5A85FB6107354A840A7DC33CD5CC3,1,NHC,0
B996DCCBAE5864DBE6D0010C8B987564,1,,0
4AF67827BF613E6B360AD0BF904E9AB5,1,NHC,0
27EFD0BE2804F11806697FA833AC166E,1,NHC,0
84EA7E551EA4F38F9553D85B4AA83EB3,1,NHC,0
D3976BE599BE826548C433E9B0EFA25B,1,NHC,0
D4D52F0EF4A4A695B71A1A2472FA2513,1,Denatured Ethanol,0
6A606E478AA4E1938E8A1AF4A8EE6C5B,1,Fuel Oil ,0
63E20B13FC206771DCF808A3DC251EB2,1,NHC,0
C27B8C886F90F5469F9CA580207B842C,1,PALM OIL,0
9BAB40FCAA2E1B743F1BE0944EB6D7D4,1,VEGOIL,0
58BF20ECEECEA1624C33A2820A8C7012,1,,0
81DD142C764466C9B9D31AE30EA4D533,1,Gasoline,0
4280C2DE64C250FB07008A29F90B4B11,1,FO,0
05FD247B3BF081559B556098412AD471,1,CHEM,0
BCAD25ED2CA6E4734CF6894B8738468E,1,NRD,3
BCAD25ED2CA6E4734CF6894B8738468E,2,PFAD,0
BCAD25ED2CA6E4734CF6894B8738468E,2,UCO,1
1901D6A70A4F1296619ACEC61CE83D42,1,NHC,0
21C850E2D86454F472942A19C7498034,1,Gasoline,0
C85705D41659371157059ABE7B6D4A8C,1,VEGOIL,0
88F22C0E9E2233C7550A163B5FD43891,1,Naphtha,0
C1D29D079E5D547B1F973C9C14CC6D8E,1,NHC,0
C45C1C81F4F97F51D3893F34C8B9D79A,1,CSS,0
63EDDD459C2B17D965DE915AF563A5D7,1,CPP,0
CF0F627E2475F355291737BF0D833ACF,1,CPP,0
C7FB922BB2F50957C95533B667DD7F23,1,CPO,0
C7FB922BB2F50957C95533B667DD7F23,1,CPKO,1
8354B5462DA89FD626F03D8D7844A11A,1,VEGOIL,0
915DF380E131A2EA03207E0CE4EEE133,1,SBO,0
03EB1102259C03122F062084658B1F40,1,PALM OIL,0
CB9B4F9903585961790EF8A0B512A361,1,NHC,0
A237300109E434EC13D6F9E7D47C028C,1,CPP,0
9C60CFBA7D65BD80C3F28B334FDB4A2B,1,CPP,0
A6A9A65AB3F4E6C79D85793DE5CA75A2,1,CPP,0
B0D10EA67C8B6FA183F4C67E3B0FB96C,1,NHC,0
4C7F47E93D689EEC28BB9D326E9C4B6C,1,FO,0
C7F475BA38CBFE786E2456DF336D3EA5,1,FO,0
D8EC373F3E69F3C2C1BB4B8F0DB2C110,1,CPP,0
A9215346CC256EC7368C1735EDA6CE38,1,CPP,0
48DF702582B8EBE666FA6B0A29AD9392,1,PALM OIL,0
DB1BD510CC8DC0A20CFB1550F1151E31,1,NHC,0
1DD27DEE3C811E21A4A1C01AD02E8077,1,CPP,0
85577391B44593110208AE9971B5B8EC,1,CPP,0
87B83E53569189CAF38BCA217C6D4287,1,NHC,0
B1FB3C8A79375979810B61A79F74F3AA,1,VEGOIL,0
06387DC9E9803ACEC157E965C4329B17,1,ULSD,0
B76B7FFEFD24E26814E0CBA200412592,1,Gasoline,0
B76B7FFEFD24E26814E0CBA200412592,1,CPP,1
8167011C569E487B33B6153AA511B9E9,1,CPP,0
D59950D4E243ACA0872DA128575914E6,1,CPP,0
D59950D4E243ACA0872DA128575914E6,2,CPP,0
D59950D4E243ACA0872DA128575914E6,3,CPP,0
D59950D4E243ACA0872DA128575914E6,4,CPP,0
013A2CB8560B10CF654636791B92DB3D,1,NHC,0
7009A2006E73CFCF32503D43DFDD6FD6,1,FO,0
B27D0D5AE4E1026F97F5ABE0406E6A4A,1,PALM OIL,0
A83EBCC38A55EC1358519C0156CE1FB4,1,CPP,0
C637C1D9176B63BE526B7E243F4AFE9B,1,CPP,0
F12DB8C8B3878DDF7CA0523A906E1217,1,NHC,0
A53C18C76F6CC5854F2BAC67269B4BAF,1,CSS,0
EBBB8B28E907CFC7632BF66BBF471028,1,NHC,0
341664BCA5793680821D36B42371CAB4,1,VEGOIL,0
E39B2513B636DAE77BF61D6D531FFAD9,1,CPP,0
CB4C6A5EE1EDD8750F71798B6F943A8A,1,Crude,0
25ABDFECAE7BC461C8968BF6CAE0ED60,1,NHC,0
5863AF8FDDA77FC67B379C915BC6E680,1,CPP,0
6D07B285369390BE519B2584520E79CE,1,CPP,0
6ABF414876633F1FB3E8C1B1050A98E4,1,CHEM,0
90131C1850D2B6E11F4C002C4EBCAC65,1,DPP,0
55104179A4B61069D828068B2953EBBA,1,VEGOIL,0
AE74F7CAFD845AE5A8639B78D697300A,1,VEGOIL,0
8F0633C958EF9916ADAF6D438F8A11F7,1,NHC,0
97947DC6F5409B3A497ABF1E6D300349,1,CPP,0
90A0828AD6094132B5C995A3F97FD028,1,Mogas,0
90A0828AD6094132B5C995A3F97FD028,1,CPP,1
08534FAB502917D9C8C93C16B22E7AF6,1,CPO,0
08534FAB502917D9C8C93C16B22E7AF6,1,RBDPO,2
235B33558EDF08D501512E0AE1521DEE,1,NHC,0
5C911EBD28E5694131366967F8EFB5ED,1,CSS,0
9817CF630963868DBD95CC942B149315,1,CPP,0
7CC49E8064BA08DFB0AE050C2AD297B7,1,NHC,0
986A7F469E7CF3B72E91CA1818A98060,1,Naphtha,0
C8B753325CE045CAF0DC44B8E937A13A,1,GTL Baseoil,0
7A282F4FD7E80A4D0EF56D27690645E5,1,VEGOIL,0
F110F9160DDA58168BA51065E4270A27,1,NHC,0
2DED2386F4738905EF5ADE2931C77499,1,RBDPO,0
2DED2386F4738905EF5ADE2931C77499,1,UCOME,1
2DED2386F4738905EF5ADE2931C77499,2,PME,0
2DED2386F4738905EF5ADE2931C77499,3,UCO,0
2C2FAF0531939CCCA6087A9D4C524333,1,CPP,0
6219EA96B1417510ADB1EB6CAC64A5E7,1,NHC,0
3631CFE45A673452D8C8BCA411B3DCC4,1,Ethanol,0
B32110C1EBAA3D1B8A5B6CAC1D5CC2DE,1,Mogas,0
EC20210419653CD61CBDA644A4D8C375,1,VEGOIL,0
DA67AB189870D8A65CC129959C06AC50,1,CPP,0
8AD29A25E07A3633C7D415FD8924A696,1,VEGOIL,0
316F4D02E623BF032E30BEA4338E5C74,1,FO,0
6CB8E463184C59CCA7F7EFAEA36F1932,1,Methanol,0
62C66E695A050A504E2166966E6D09D1,1,FO,0
BCAD25ED2CA6E473FAC68DF1EF4D2489,1,CPP,0
E7D52C024E353451F8862D58E4E2E716,1,DPP,1
9CD23C74ED7F91E0FBF61A41EA79E1F5,1,CPP,0
2623398720C8454D8027E47090342A5C,1,,0
0A69B9CBBA06335233767888CFCA61F9,1,CPP,0
83D628621D744FEF04494170BDCF23DD,1,CPP,0
68BD32D96B62FD2AF53DB9860984B59A,1,CPP,0
9D77ADA0901E24EB6C39E1F0413BED37,1,Gasoline,0
E56ADD4194F91711F72F226DED33AC8E,1,Gasoline,0
1A2B1DC16E37189AACB03316AC19CC4C,1,CSS,0
C8C2DEE7EB8C9B1FD4393C1887274078,1,NHC,0
547AD272A192AE94D4F604FDCC9CB6AA,1,CPP,0
A3FCB72E20B08FE1A826035C37F8D5E0,1,CPP,0
DD1CCD2316299E8E4653D6288B007A52,1,CPP,0
777BD9CE945FC619D3391288729E7645,1,CPP,0
777BD9CE945FC619D3391288729E7645,2,CPP,0
777BD9CE945FC619D3391288729E7645,3,,0
7BBE26386FC504E510BF45167662B6AB,1,,0
2C26CDEB0BB47D09DE2D61A61C253FFE,1,,0
FC56428F8C1AFBAEFA5B0E788C71EA1B,1,CPP,0
987161D8ABBE471DBF18AFA18A81513D,1,NHC,0
35C47FA308C7864C2FCFA06A8C2ACA3B,1,NHC,0
94E98B569073EB562FA57DE0AF0D0A25,1,GTL Baseoil,0
37AA4E153C3DD66F43547C969A233E1D,1,,0
C340ECEC0D424E2AF64FA2D315743F8B,1,NHC,0
C3AF0E977042356E5A604F9723D7C520,1,CPP,0
161744B9B666F3087165BD4A28A05C5E,1,CPP,0
7002723CECBBC2CD3E818FDD527E256A,1,PALM OIL,0
64F612013E31F43809263A7808C4B10B,1,CPP,0
F5B75696AA2D519297F124C1343A47BF,1,NHC,0
6AD3595E5218EFED85920754D59634A4,1,Gasoline,0
173AA657DDC12A225B4162DADBF3A0D8,1,NHC,0
6F74113EEB339196AE4CF071697BF473,1,NHC,0
D14EF3D7B0F3A87D50350536DC56866D,1,CPP,0
AA3BC611C2E2866FCC738FEA66D9DF4F,1,CSS,1
B459A70DD9D2FB8B85085C194AE6B6E3,1,VEGOIL,0
8F0A8C9D3A6802564625613CB8911625,1,FO,0
D980D7ED3247B6B1047708B9E4866A46,1,NHC,0
54DB7FD7F49C087711D91368B84BA86B,1,Gasoline,0
6A7E70C29F2F517480EADFCCE4CF40A7,1,CPP,0
3D0CDEAB509E29275377D69EEA7DC73A,1,NRD,0
3D0CDEAB509E29275377D69EEA7DC73A,2,PFAD,0
3D0CDEAB509E29275377D69EEA7DC73A,2,UCO,2
3D0CDEAB509E29275377D69EEA7DC73A,3,CHEM,0
FA29EC5C023D8491D679AC3FFF60052E,1,GTL Baseoil,0
D2843F4A2A6F21A1B4302224A8E379E8,1,CPP,0
D2843F4A2A6F21A1B4302224A8E379E8,1,Naphtha,1
7B3D584D1E592D64F996ACE4F47D312E,1,NHC,0
0A69B9CBBA063352A09AAC93BA059365,1,DPP,0
00C699B395E336BB38CD70B68AAC1791,1,CSS,0
814A361E6F640821E57DB7C5A820D26F,1,CSS,0
4CFF67706113C4DBA26A52C10D092483,1,CPP,0
36AC34F826B1DD0A5745224FA8228C3A,1,NHC,0
448394FC6EA1A9E41A29D1DE0B059A56,1,NHC,0
59BE56C77EF64A252F5528AAA3639844,1,CPP,0
54A73138C232936ADB87426E205D2566,1,NHC,0
83D628621D744FEFEDF86E111E36AC8B,1,,0
235B33558EDF08D579F0FA9DC36E9CAC,1,NHC,0
BD3AB53E23FE30BF3C298EC6CC8064E8,1,,0
287A3CD45ED958E3F093DA1A97092564,1,CPP,0
BBC56777049B378B313D354CFF49D029,1,Gasoil,0
B53B7C33FAE76F54F820A5D9333AB8AA,1,CRD,0
495CD01E2EAED059BCC1EC23D322017C,1,CPP,0
AEBC36BA6D49A651E028DB2D2A6B0A18,1,NHC,0
90F7F7E18A5967D3D89EC9C511D5ECD5,1,VEGOIL,0
746036759589742002B64EAC7782E564,1,FO,0
C864F9B61B01026692ADF2F272FD1FCE,1,CSS,0
7045C85B934E99184DB5D156D4832AE4,1,DPP,0
A88E222329414A915EBC303D98E7ADED,1,PALM OIL,0
10FFE862A5D746392E89B9AC83629BA6,1,VEGOIL,0
AF5E3D97EB269ADD96B78E2E150DFC39,1,CPP,0
2899B9944939B2B0DD5F03D74EFD64B9,1,NHC,0
1D9FC2050B5E442926EA655DAF6BADE4,1,NHC,0
FC56428F8C1AFBAED9F33BA0E058BEC5,1,CPP,0
6F358CD5E6CAE5DEFAE4117D2DC93552,1,NHC,0
7C225F438C299A9B8E78D3CD4781897E,1,,0
D513668AD51B770D203D8C6AB4BBFF59,1,Gasoline,0
2132DA1379812F17484FA860B94CAE55,1,Gasoline,0
84AA8ECF7B5157B09FFDD5FD6AEDD47C,1,CPP,0
8359747AEE6F09B05CE662C861B567CF,1,VGO,0
198E81F3F92325ACA95266C827C37A26,1,FO,0
A29639FFBE49F7192C2E361B90B99841,1,FO,0
359EFD66A8E0BBCAABAEB76E2A0EC80F,1,,0
4F26A52B8AE3F68D69FE008E769D2551,1,NHC,0
7BB0FF154D80E085B6E38B46AFB51D9E,1,CPP,0
E3287608AD2CA4D94E7822B9AF565DA1,1,Jet,0
E4DA2B63E7C891D6DA08D6E61EE79699,1,ULSD,0
E4DA2B63E7C891D6DA08D6E61EE79699,1,Jet,1
21F257ACFC9D4DE5015F5A02682C34BB,1,CPP,0
2D196AD00914F370D7DDA9875E694222,1,Crude,0
53C84FCDEA5F406822A2326F2F80B2E0,1,NHC,0
0D37D4D676391F8B3F12FDB56E26FDDC,1,DEG,0
0D37D4D676391F8B3F12FDB56E26FDDC,1,MEG,1
0D37D4D676391F8B3F12FDB56E26FDDC,1,Methanol,2
0D37D4D676391F8B3F12FDB56E26FDDC,1,Styrene Monomer,3
0D37D4D676391F8B3F12FDB56E26FDDC,1,CHEM,4
557C01F1721216B62C4C4265CC1141FE,1,Naphtha,0
A39C9634A18E888BF01C311D0817F040,1,GO,0
81946E0A1C6F003B302C1C7B4FACB292,1,CPP,0
70D23BE44B9E8BB621686BC095CC3322,1,NHC,0
CA42F449FCDCEADC85942754580D4FE7,1,PFAD,0
CA42F449FCDCEADC85942754580D4FE7,1,RBDPO,1
CA42F449FCDCEADC85942754580D4FE7,1,UCO,2
7DC2C0FE3C7F7DABEEDCF9FA1F82BF99,1,Jet A1,0
7DC2C0FE3C7F7DABEEDCF9FA1F82BF99,1,NRD,1
98D950EB762FA18D789F9234AF509B12,1,ULSD,0
3A12628EDEA4D85AD2E3D884AC2F84EE,1,NHC,0
BD8F572879EC3D54926DC65B5254F0D3,1,MTBE,0
835502D45DB0C15A6FA7C677779A659C,1,CPP,0
D2843F4A2A6F21A1F2470223D9671F2A,1,NHC,0
D76EC49288C92C21F83E74DFB9FBB07C,1,FO,0
9853361BEB8D7CC5B010F782574CFFC8,1,Benzene,0
9853361BEB8D7CC5B010F782574CFFC8,1,Toluene ,1
9853361BEB8D7CC5B010F782574CFFC8,1,Mixed Xylene,2
54A00FB879868A37488A25E6F533564A,1,NHC,0
6CE9F9EAD968CB987A975D4DE503A193,1,CRD,0
88F22C0E9E2233C7317811FEA8450E06,1,NHC,0
389AE023E2D4161E4438FAF6861DA721,1,VEGOIL,0
E6439A115AA2D0BB284965A215886433,1,NHC,0
11854048CDD8D674E2187B4B2EAC4857,1,NHC,0
F1087F1FE32E33266A0D380F087D58AB,1,ULSD,0
C262A255305F0CD42F7C8345DBDD1C9B,1,NHC,0
62D7E24304CBF305248C8C9FDB499827,1,FO,0
1B7B6B04EA2EBEEC9B2858666898C623,1,FO,0
EC7FF8E7D3FC1D636BD35E2C8D8F504D,1,CPP,0
EC7FF8E7D3FC1D636BD35E2C8D8F504D,2,CPP,0
EB956BE6B6F97F93907181178F171973,1,Naphtha,0
8BE1CC556AFF7F5D0E957713FA4F6792,1,NHC,0
DB956B24974B545E610BB9C6112BBB4C,1,FO,0
DCA9617085514CBBF980E41E00BA7C47,1,Methanol,0
C4EEA5F30B1416516252DA7E6A386452,1,NHC,0
C565302D955369054BF64F82C87C03C4,1,NHC,0
8F0A8C9D3A68025603940483249EAF1C,1,NHC,0
66CFBE69344685D5E5FBD6B6723D7DAD,1,VEGOIL,0
DC4552B3B69F928F0B660A01D71A6525,1,PARAXYLENE,0
DC4552B3B69F928F0B660A01D71A6525,2,CHEM,0
AA5F6240746B23E175E79173CFEA8E3D,1,FO,0
C8AE57C42046BC917D81C678B6B7F960,1,CPP,0
C8AE57C42046BC917D81C678B6B7F960,1,MTBE,1
38BBA82F4F6C63F95776171944E297E1,1,CPO,0
38BBA82F4F6C63F95776171944E297E1,1,CPKO,1
38BBA82F4F6C63F95776171944E297E1,2,UCO,0
3F0575AC8C3CE5A37171CC1304852A1C,1,CSS,0
640D6AB2C10A0167E726216B14FD304A,1,NHC,0
65127C4338C6C3C13106EADC104A5256,1,VEGOIL,0
0813CFAFA12937BDE51581C18866FDF5,1,Gasoline,0
261581D1D0B205F9782E31D40E2FA2C6,1,FO,0
AF2F04B8767A5226BAE695AE44873CCB,1,VEGOIL,0
BCF11A704F3EEC196E6AE9FE0455C1A5,1,Gasoline,0
927D8A0348FE5C482F933FC23D5EA9D4,1,CPP,0
C158E38AE71CB87692812EE6AD80510A,1,NHC,0
4F9EDC019D5E64B04C7103B06E60AF9C,1,CPP,0
5F18FB1FC118D4D77AC86703BDDFCB1B,1,CPP,0
325244D2DC52A5F79B15AE33B6071727,1,CSS,0
43D02009116C613764B281175762489A,1,CPP,0
C6248110CCB7638D53656C3B86BD534C,1,UCO,0
C6248110CCB7638D53656C3B86BD534C,1,PALM OIL,1
C6248110CCB7638D53656C3B86BD534C,2,FAME,0
C6248110CCB7638D53656C3B86BD534C,3,UCO,0
7DC2C0FE3C7F7DABBC2A7C1E974F3081,1,CPP,0
6227748A22F3EDA12C26EE2119388EFA,1,CSS,0
BDEF894ECFDB032876FFD5B198F833BD,1,Gasoline,0
391DC1914CE60ED5D59BD93944773009,1,NHC,0
84EA7E551EA4F38F5160D1B56071FEFA,1,PALM OIL,0
8C3605698F49A5F4FDAC20BA40A13D63,1,,0
C8B753325CE045CAC376CD7EA7CF7DCF,1,CSS,0
9D1334F3150072445AE3896DE336EAB8,1,CPP,0
68B4F25E7139722CBCC7469817D0BE83,1,NHC,0
B824E30E8BE1EFD8847232B77FF20F36,1,NHC,0
2DED2386F47389057CC3BE5E91303A1C,1,VEGOIL,0
A39C9634A18E888B924AB9D5931933D8,1,PALM OIL,0
F218DEB610B0EB9AE0A7195905347209,1,FO,0
61669642F8E038EEF1299DBB53895CCD,1,CPP,0
9ACCD565906047AC4A8FCDD5157BBD68,1,Styrene Monomer,1
9ACCD565906047AC4A8FCDD5157BBD68,1,MEG,2
9ACCD565906047AC4A8FCDD5157BBD68,1,Methanol,3
E4502CA3A857D3AD3F6340E496C9CF2C,1,CPP,0
70B36BEFDF491F92085436E23F31AEF8,1,Crude,0
CDFDFD514C0D8D3CF29829AE313FA84C,1,CPP,0
67ABC51734F54D1D6969F42686FB350E,1,NHC,0
EE0F5F94BE4EB60C650D3484E1669E4C,1,,0
61C7BF4800896A32FB5076294D4FA679,1,CPP,0
6741160C7BC0EC0330B8FD360EE5220C,1,UCO,0
6741160C7BC0EC0330B8FD360EE5220C,2,UCO,0
6741160C7BC0EC0330B8FD360EE5220C,3,Benzene,0
B5261574887A76F5C1362B4ADC9FF0F7,1,NHC,0
E46AAB0D3714C87E4F43956C580BA3EA,1,,0
4CFE566BFA71D78A1DE5912E43F7B696,1,,0
F055BACF33073FC6F72C647C2807350D,1,,0
359EFD66A8E0BBCA149E9D97FB840091,1,,0
749E8E72BF93C2DAB8224D17A0ABC061,1,NHC,0
A466EE22E39E05AF61BF6FDF94952639,1,FO,0
AF22079E2EB15ECB1F4D8532A73D65AD,1,CPP,0
E4502CA3A857D3AD5E51AF2896679F53,1,CPP,0
827824BD3B3CE14DAB2DAF80EFB5E785,1,NHC,0
00E7ACCC5A1136C8DFC1BC7D6511F130,1,CPP,0
C53FB30F82D512F6478DDFA96631D1B6,1,,0
E768EF2CEF3A659BFE5E5AD3A1F403C7,1,CSS,0
5CC723801AFFAC936095CC1D006619EA,1,NHC,0
347C5A8B0CAF1B5BDFFB746C1260E9D1,1,ULSD,0
DD1CCD2316299E8EF1FA0E60570CF806,1,,0
E88E2AC176431E10AB7405DC0B00AAC2,1,Mogas,1
6EC60BBFEA4422FBDDC83B64C3D3D520,1,ULSD,0
7FA60B86DBB3335FB0E4871320281236,1,Gasoline,0
1393AC42BBFAD0A1265D1F6788D7D5FF,1,Gasoline,1
46B9B6DFF2C6F04F50D2EAFAA100D934,1,NHC,0
A7DB763894455AEB0214EFC850B1AADD,1,Naphtha,0
056183E60051CC316D035A50EED8C799,1,GO,0
25ABDFECAE7BC4616336F4F751568812,1,VEGOIL,0
0B013CE3B234E27BB79C108A8ED0FA8A,1,NHC,0
3ED3004D3F9190BCBC580BDD3A74584B,1,NHC,0
36A4E7BBC07F80761D4F66A3284D195F,1,Methanol,0
FE2A11CEB62D0B590679E17C4BF26F5E,1,NHC,0
640D6AB2C10A0167121EA5E1D8540B5E,1,CPP,0
6227748A22F3EDA19AEC9CD14B2A3F07,1,CPP,0
6D07B285369390BE33B4236B2B9266C4,1,NHC,0
89FD932AFA679454E0460F832326F23A,1,FO,0
AEB15CDF7B7F12B9C2C7E84CCA82647B,1,,0
7550F4DDFE6792A9FF2FEC9DB2F97C7F,1,NHC,0
62314269476A430DBBCA251E0330D81F,1,NHC,0
A016F06784C9B8EAD294F46F085ED064,1,CPP,0
43CC6792735B1166E8757BB828AEDA21,1,CPP,0
44AB780D4C30D0551EAA3BC160B621DA,1,NHC,0
E768EF2CEF3A659B9F5CE914CAC6FD0B,1,CPP,0
D513668AD51B770DB17BB994D219C6CF,1,CPP,0
DE4121157EA0173A5893CA48F374D6A4,1,NHC,0
0606AC29EBCC6020706052400F75F61C,1,CPP,0
9C619A37F839E669BD196D26BDCB2827,1,CPP,0
4B82CEDD9F0BA384DB5DD7223E59F6AD,1,VEGOIL,0
56D44465570951BDC40FC79F92C6B146,1,CPP,0
047B88F05654A63CDF0A5D532D791135,1,,0
91BFEA5613AB3C58EEBCC047032318BC,1,Fuel Oil ,0
02B021A0460EBCE10832AC8E069E1610,1,NHC,0
82ABCE3F2206797EFB5FA25AAD61BE32,1,CPP,0
52F40C94FD2F6021F762A15142845290,1,CSS,0
52F40C94FD2F6021F762A15142845290,2,CSS,0
52F40C94FD2F6021F762A15142845290,3,CSS,0
C78565A0E053D0C49CCB3A3C4A096AAC,1,GTL Gasoil,0
636511D67199FE7F03504D411079D68F,1,CPP,0
636511D67199FE7F03504D411079D68F,2,CPP,0
E001DB86365367E227328B4134A5FBFD,1,NHC,0
39F6E15894289C73B526C67FB308BD80,1,NHC,0
88F22C0E9E2233C7B1F83453B05265EA,1,NHC,0
53DE59CC6C0C35E4D852E9C1C32D9527,1,CSS,0
30955938B410B7B45F6DF6BBEBE537DF,1,CSS,0
8167011C569E487B42F829AF965C2094,1,NHC,0
63671F1F1296952DE196680F2A21D376,1,NHC,0
FF61401FC10F1C32148F8CA548FF0728,1,ULSD,0
B1FB3C8A793759794E813914011AEC2B,1,CPP,0
927D8A0348FE5C48F40B039C4928DEF5,1,CPP,0
927D8A0348FE5C48F40B039C4928DEF5,2,CPP,0
0FE42D4ABB59AC862AB70D1B884ED7A4,1,Ethanol,0
01FD0BC52E4DA467140299A709569EA8,1,Methanol,0
0F54307AB3640DD7CB8432CF85575EB7,1,CPP,0
3515037E83816A06DC336ABFA3BCCDCE,1,CPP,0
9BD0272F0C83FBE89971AF2CDA651219,1,CSS,0
EBC3BE82A903DA46983C727C6908E027,1,VEGOIL,0
9E06616A0797D79F8BBBD91C52BE0F5B,1,NHC,0
EF7F5295A24D5145767DA619D54FC074,1,,0
C3AF0E977042356EFE8A30A79E69CCBE,1,CSS,0
63EDDD459C2B17D984BC3E0EAEE0C20F,1,CPP,0
392EA1244E8082DDDA666FFFB2349327,1,,0
34FC23578EC8B0382E41C3A0F4255463,1,,0
1E0A7FA4D5EA2B284C9C518EC1CC5F64,1,NHC,0
81065F4ECE4C20460EDC171629506050,1,NHC,0
74709562E18E4AD426A4BD8E8493379E,1,NHC,0
93DFBAFF461CD2303BFE35D65FC5B422,1,PFAD,0
93DFBAFF461CD2303BFE35D65FC5B422,1,NRD,1
93DFBAFF461CD2303BFE35D65FC5B422,1,RBDPO,2
93DFBAFF461CD2303BFE35D65FC5B422,1,CPO,3
A6580D357F569DC4055AE8FF049B07BB,1,CPP,0
A6580D357F569DC4055AE8FF049B07BB,2,CPP,0
A6580D357F569DC4055AE8FF049B07BB,3,CPP,0
655FBBBF653373BCC4C5DD1A4D5E24E8,1,,0
21ABF3BC6B1479FD05CBCECCE3215B49,1,MTBE,0
68BD32D96B62FD2AB901D6F37D59D9CD,1,UCO,0
68BD32D96B62FD2AB901D6F37D59D9CD,1,RPO,1
A6580D357F569DC4EF2A215A2BCBDCEF,1,NHC,0
07A6AFAB33D6E088FEE09AC0709A96C7,1,NHC,0
BDEA0AD71D00DE306158589119E0AB15,1,,0
EB07BB5D615D1C5DA4A59B6EE6C48002,1,CPP,0
FA6677F126A0E418511255F1F98E93C1,1,NHC,0
ECC854BA79FA1F25E988D11575AC5109,1,NHC,0
C386DB73E236C43D3F2A25FB81D26D6E,1,CPP,0
82A8B6D2BA0A6C4AB2F7434781A74B76,1,,0
D76580F24B525D22CB39C31715CC1961,1,FO,0
186EE4A8EC1C88B6F531570C36DE730D,1,CPP,0
2E01AC4A6F392DFB8A85B4D5494FCCB7,1,VEGOIL,0
9A8E93DC9676D31745E12FDF1ACD5751,1,NHC,0
B9B0F2106748A3906FFE94425D9634EB,1,Gasoline,0
7460367595897420158CA9560AEE8C26,1,PALM OIL,0
06525F753011695D9A149AB4A8D1D78E,1,Molasses,0
E107CCD9CB70B11C8B620D2744DB3917,1,CSS,0
050002E2B49B48DFC1975C5729EF6ABC,1,Gasoline,0
BEFAEAEC77F96675A7F283B23B14FC74,1,PALM OIL,0
BEFAEAEC77F96675A7F283B23B14FC74,1,UCO,1
BEFAEAEC77F96675A7F283B23B14FC74,1,Pome,2
BEFAEAEC77F96675A7F283B23B14FC74,1,PFAD,3
BEFAEAEC77F96675A7F283B23B14FC74,2,NRD,0
69AF2AED2C9C1A6D2F2D6B40CB0D1455,1,Mogas,0
E46AAB0D3714C87E2D6CA7CB2410AB31,1,,0
E4988A883B6FC00C911BB2059F5E8FA3,1,No Heat Crude,0
7173CA99343CE32408E4C3ECB504D010,1,Molasses,0
638CDD63FCC7F628354DA747E4B82A4F,1,CPP,0
51187285F2BDE2C8D86068EA61DF3125,1,VEGOIL,0
0734054ECCB3033CE90A82B35DB166AA,1,NHC,0
BD082607DBEF6E0F60CF6F27C700DB7E,1,NHC,0
8C3605698F49A5F4BECDCE10D8D7A304,1,GO,0
F4CC54E8A968777BDE83C1F463E89BAD,1,CPP,0
0A7D3A00C37295FD72C4CF10BB772069,1,CPP,0
046AB4947A7A487A8BB9014E26632579,1,FO,0
09515BB5FFA5CA0789D719D746DE7DC8,1,CPP,0
A1EC6205222B5D150A15E905A5A16F31,1,NHC,0
D65F89BF788EE4804A5EE4C1F45F9285,1,PALM OIL,0
C409B62B11F55F70B8D7CCAC26C4D132,1,Crude,0
205904980E138687D16B5464AD662A10,1,,0
88173E36BA115070BF64FF97FFDED1A5,1,CPP,0
C57A91DB8C83316E776056545D2C17B3,1,VEGOIL,0
F52A201D5FC3E85420A9F7EBA5EE952C,1,NHC,0
53C84FCDEA5F406877C86390B95A91FB,1,PALM OIL,0
53C84FCDEA5F406877C86390B95A91FB,2,PALM OIL,0
5031E45558F1082776DD598A9806D501,1,CPP,0
0FE42D4ABB59AC8699DF304E2ACD3146,1,NHC,0
7D36ADAC40325B79C735CE96738BB754,1,Ethanol,0
3F10645B5E99106B5E6DC1F406EEB395,1,CHEM,0
8A024D7592F3DCA26CAD7B72EA2F1B9D,1,,0
6F819AFB1748974CE075DB30659504D0,1,CPP,0
F7E85BD1A0F4DE1E0C3F738ED99CC5A9,1,CRD,0
74326C6DF7D864894F3C04A2143BF3EF,1,CPP,0
DE4121157EA0173A91BD5D5E0D106E40,1,NHC,0
90C41187782BBC1475E72C21D4AE14CB,1,FO,0
615067485E65F3161E1E1FFFF2D0F4EC,1,NHC,0
A9ACC5A8A6682B63000D97606E6231A4,1,CPP,0
94E98B569073EB566FF130E956FE0610,1,CPP,0
CA9F9954035E6D62D45F74204F806224,1,VEGOIL,0
CDFDFD514C0D8D3C9646530E5913156A,1,CPP,0
921A540C97F21BAEDFCD868036AA698B,1,Mogas,0
C4348967C5F0551BCAA7F13896C45CC5,1,CPP,0
9F3FC08905010E1965295ACAE6D19AAC,1,CPP,0
5EC1F265B6BC797C44DCC89DB045C2A1,1,PALM OIL,0
B8457320DB86C2AFA54C04AE0EBE934A,1,Gasoline,0
63EDDD459C2B17D96FA7EB70CA718051,1,,0
B366A5BAD96F234CA6C878B92E120AB0,1,NHC,0
52F40C94FD2F6021D1A139AC49B54516,1,NHC,0
33E6A231F55E1030535556ABA8E2FC3F,1,CPP,0
B9DACABA610C54176CA10454D452E9D4,1,CPP,0
F485454F0501A6151E56A1F13985390F,1,NHC,0
EB22F7E1F5E3A1B643C9E0F4B5E7CDEC,1,CPP,0
61963C30570D9953D2E5DCD5B3C61491,1,FO,0
6E8E43FB61AF88EF40B960E52E94DE23,1,CSS,0
DDBA81F36451E9CE20676A3960936977,1,CPP,0
DDBA81F36451E9CE20676A3960936977,2,CPP,0
DDBA81F36451E9CE20676A3960936977,3,CPP,0
B7B7B3EEC18382F4E5211C3B2A5D9C21,1,CPP,0
B7B7B3EEC18382F4E5211C3B2A5D9C21,2,CPP,0
DCA773070ABC1145A92E2088CA37ACCB,1,Mogas,0
9B3BBA4D5C5802179F590953B3700B55,1,Gasoil,0
5D9EC393DE9F54854D9C0609A30DC183,1,NHC,0
8354B5462DA89FD608C6F2B6B407EB62,1,CPP,0
3C331C17B7E796531B800CC4FE31E519,1,CPP,0
11C35C9AA1002BC407328305131132D1,1,CPKO,0
11C35C9AA1002BC407328305131132D1,1,CPO,1
11C35C9AA1002BC407328305131132D1,1,RBDPS,2
1F98630BA1A779D5B500A86ACFC1B4BD,1,CPP,0
69C872A93C4830565CB01FA5047AFF60,1,NHC,0
1A7BD3319A9BFBF18B3C5D7042A43009,1,Ethanol,1
0EE94C896718EDC6B381BE0D9912879C,1,NHC,0
648ECB14EDECDB95D7ED1C3C43A25144,1,,0
A63FC4A99F02334C35D1377A1C8E836B,1,Gasoline,0
FB67929182393E10B85E1C6D13663C83,1,UAN,0
C361AAEFC3DC508EEE7A1F652264BF44,1,ULSD,0
C361AAEFC3DC508EEE7A1F652264BF44,1,Gasoil,1
FE2058CAC77B794223CE0D62ED9256F5,1,CPP,0
6AD3595E5218EFED51CCA4A8568EC7D9,1,NHC,0
AEB15CDF7B7F12B9BE890D126DD52F07,1,NHC,0
67344FD0E41E43EB556370BE9710F7A2,1,PFAD,0
67344FD0E41E43EB556370BE9710F7A2,1,RBDPO,1
67344FD0E41E43EB556370BE9710F7A2,1,UCO,2
9F58306F655EC6BE949F1EAFCF3F0E0A,1,Mogas,0
ABCD2C938DC82BD2D26015E6D28897E8,1,Gasoline,0
E768EF2CEF3A659B9F5CE914CAC6FD0B,1,CPP,0
068CFAD15ACC5EDB34869F706E075E22,1,CPP,0
ABCD2C938DC82BD209BFC0349502F74B,1,CPP,0
79C6E5401AABD69E2A21F3609462CC4D,1,MTBE,0
9386C2D3535587B1ED168B44195B2CF9,1,NHC,0
986CC33072B733944C413F7A994BE62E,1,NHC,0
14DB5D16A8D57ACE4D867D390619AC7F,1,NHC,0
B11F8A7E04B30298E74414488E080CF8,1,Jet,0
B11F8A7E04B30298E74414488E080CF8,1,ULSD,1
B11F8A7E04B30298E74414488E080CF8,1,Naphtha,2
B11F8A7E04B30298E74414488E080CF8,1,Mogas,3
7C738E152E75A7D91CE938B2273FEFA6,1,VEGOIL,1
E78F21082139CDC76E1CD4A4B36771A7,1,NHC,0
EBC3BE82A903DA46754BDA5AD3688B3C,1,NHC,0
1B7B6B04EA2EBEECC00874D3B063702A,1,Gasoline,0
DD468AC7BDDF17BAA92C3412FA608CB7,1,CPP,0
D977C6BC9147A63BCC0416B10E2A8852,1,GO,0
35BFFD79BEA50010583878FA3C158886,1,CPP,0
B00F167C8CA3C98CFDB2F1C41C2C2AB2,1,Ethanol,0
938184C178138BC31DAAB5E3B1250A1C,1,VEGOIL,0
F1C50E18B0ECAFC350F1368C928D382E,1,Ethanol,0
9681B2F3D0AF9ECE2541858D078499C5,1,NRD,0
EA84C0195E1B5F8625004A96758B957C,1,Methanol,0
C17324CE6A8038EF5E8E17B889ABA456,1,CPP,0
57A606984D78FF51B9BFC77BFA30BBAB,1,FO,0
D513668AD51B770D6849F7CF28C60E20,1,Gasoline,0
1AA05063691AAB79F71DC416E8FAF7F3,1,VEGOIL,0
28188FD5ED43746A9EA83C3EEF947422,1,CPP,0
49B4E994B8EBE4C9D4CAF5EEDF1919CB,1,CPP,0
49B4E994B8EBE4C9D4CAF5EEDF1919CB,2,,0
28B5540D141860D6D4E7596D55D662B0,1,Crude,0
6CB8E463184C59CCCE7F96145BF64067,1,CPP,0
989778D2DF9B777BDFFC4E93AD51B73B,1,CPP,0
0279B1EF8CE968A9F461354A5F4EBB47,1,NHC,0
9480D6062016CED419E38C00F39E2494,1,CRD,0
068CFAD15ACC5EDBC13822A425D6FB80,1,PALM OIL,0
CA5E4D699A7A0CFBDCFFE4FDDFED3589,1,CPP,0
9126FD6B9D11AF41EFDAF85D99E26BAB,1,VEGOIL,0
A3FBE581131BB5B9A499C9E2E0189FEE,1,MTBE,0
A3FBE581131BB5B9A499C9E2E0189FEE,1,CPP,1
A3FBE581131BB5B9A499C9E2E0189FEE,2,Benzene,0
A3FBE581131BB5B9A499C9E2E0189FEE,3,CPP,0
961CB4769E55634EC46E3CA6A93938A0,1,PARAXYLENE,1
961CB4769E55634EC46E3CA6A93938A0,1,Benzene,2
961CB4769E55634EC46E3CA6A93938A0,1,CHEM,3
F1EA2DECA628EC217B3B03A995C59DBE,1,FO,0
4A44F2CCC05E52F48257F70ECEFC3434,1,Gasoline,0
4A21A4FDB04E280937091B1C6AD0CBF0,1,NHC,0
0361DA15A3A49DB9F23815DA0D837096,1,CPP,0
B27B73FEEEC0F78AB3032A170D6E39D0,1,NHC,0
52DDE03938A61D3DE59AA4C870D25B9E,1,,0
61BA989F0CFA1D97A37A9B505CE57181,1,CPP,0
42FC5E44A5C9224A2779801DF04906F8,1,FO,0
FCC928041427CA460CF4877ADC5AA1DA,1,NHC,0
812B854AC31331365BDEB490EFC1739B,1,NHC,0
259EFF016C5C88A3E34481C64F85D4A0,1,CSS,0
7D8B8DE930443F45474AF4F93B661CFD,1,PFAD,0
7D8B8DE930443F45474AF4F93B661CFD,1,UCO,1
7D8B8DE930443F45474AF4F93B661CFD,2,NRD,0
C0A68E7EBC42FC7DA8E8E910BCBC65B9,1,NHC,0
A46D34A1554DF97802FB638B5AF08C87,1,NHC,0
913FA29BC52C06568EB6E4E623D26D29,1,FO,0
8937D68793A4C64F030FFFC48A6453F5,1,FO,0
9D54C3C9758B96BA74B94FA5D9D25A9D,1,VEGOIL,0
89076ABFD095ACC3F3934E3451091627,1,,0
4CFE566BFA71D78A92EBE2E310F6AAA8,1,,0
76FA3B14266A5ED5D5F11D6BBE4035E0,1,,0
989441AF8158724D418DE508839D1EB9,1,NHC,0
989778D2DF9B777B6A3F5E5FE4A47D43,1,CPP,0
9FC30FAF3742758704CD4BDC42C39B25,1,FAME,0
20BCA1F3DEBB1A1D7F1148E5092DB315,1,NHC,0
84EA7E551EA4F38F272C9AEE5B38C5E3,1,Crude,0
033527BD1AD2D1940BA69E19EBA5EC84,1,VEGOIL,0
82ACBDB6C622005C64B15D395D9B1EBF,1,Gasoil,0
B9B0F2106748A390F4821D9F1B72927C,1,NHC,0
