vessel_id,profile_name
DD6DD393DE22484CAE5391948F277C3D,Default
5E1569116739DE31DF4F3BD75C609899,Default
DD6DD393DE22484CAE5391948F277C3D,Default
B8E568D9FFD54D063CF5B37BDEE67161,Default
51D8A1DA855455CD389A1839DD9B41C2,Default
9ADD42678DB78F25AAB34AD9A2D13F8B,Default
077F023F5FD810F5290BC44FA07429D4,Default
A43C8EB374F9979B16AAA3720D0933EE,Default
648ECB14EDECDB95772AA913EA6B43B3,Default
16E5A18F680CB9B8C1F2D1CD47711ED1,Default
F92FDB12DB00BB8918272873032F0AFF,Default
6CB8E463184C59CC32CADB5F2467BAFF,Default
64B0B891F38867E25D21FCBAB912B0C7,Default
E2322AC6FFAD3FE780075F8DE33C37CA,Default
172BCA4A649923D712024DE75F9FAA03,Default
9CBE22A22B89A9E06D745E535365D6DA,Default
6D00EA3DFDBCA5CA169A90AA2117C8E1,Default
A8A35A79EADDAA6F21C963A0EA0CF2B9,Default
636511D67199FE7F9738BE7EF3AA9BBD,Default
AFB7F6E535D053E02205290B5813EE8D,Default
B0EBA4CD47B917941B01EDFF1AF1AB12,Default
90D9B1EC553CA1B4280477DE59DFE18E,Default
C3225CE13CB37B146C55B6B5EB3105E2,Default
79BF00C65A08B8357A9AB961967A7657,Default
3ADF28F89ABD7CD7E8C9966E7A8821D2,Default
2E19AF9FFD33F79317EAA4FCCA02B02B,Default
6CA0E928B16181A346581EDF86034E15,Default
0D37D4D676391F8BCACE4AC26EA54A65,Default
0D37D4D676391F8BCACE4AC26EA54A65,Historical
510DE3910E3DED55B568B11B14930A85,Default
E4BACE0D0B4F6817D17F1358D8A8D1F4,Default
716296D67896F4A098168A7FB1EA795E,Default
AC199BA31B05BA1663A01F7AEDE7C68A,Default
0D52F7F4D1F8980C7F232E9A5044A004,Default
7EDD42B0FE173AA702DF40F2F3E9F2C0,Default
54A73138C232936ADE47209535C7AF17,Default
EE2E053358FA4ED7542CE78D8CBAF4BF,Default
A9ACC5A8A6682B63275F3FA094D3E9E7,Default
7E992C8A311693D451062DE6723DE086,Custom
7E992C8A311693D451062DE6723DE086,Default
81B040262012583C838B2BD67129EEC6,Default
FB359BAA51A3151BA9DD36142F31EA37,Default
94EE4ADE6250025451457924C3A4FE93,Default
1EE79FFCDAFEB509DE2354DAB79226C8,Default
ECEAA6601C9BB195DD392263D76EABA4,Default
E2BDD92EE7E8C6D75386141881A16BCC,Default
D7142220216449E9EED3B28C7FFC6918,Default
D6B27BFD58172BCB8DFB8712BDEC1D90,Default
1B7B6B04EA2EBEECAE2F662A92648808,Custom
1B7B6B04EA2EBEECAE2F662A92648808,Default
FB359BAA51A3151BA9DD36142F31EA37,Default
D507929F4387A14215D9CF8C438E538C,Default
79C6E5401AABD69ECE663DB439C951F5,Default
4C1F84CB89772676D69B62CA0DC6869C,Default
B4685720D8E035C727EB3A20C750332E,Default
46D9916D228AB779E22FD089E6A7F2A6,Default
B6614CCE3D63007B002D734122FA8E36,Default
0E65343A82514C88D5542507A9EA6775,Default
BDB4814CFED1CD3F8AE2A41A6A974D39,Default
F25578268AE09CC62BF210B7D75F4C0E,Default
7D170B2516F15464B43B76915059DE41,Default
630EBC2029AA2497E50752A749D84D58,Default
3D2440DD8AF0499B880E125DF08DB664,Default
C57DA351AAA3CF0E6B08A4CC2A51B663,Default
5592CEE70EFA652B2EA0EC9C7CD9A0BB,Default
2AB1631CC7C5ED0B6306EE74CE81DEBB,Default
4F9EDC019D5E64B0F0E71E9198AE9430,Default
09937CC14196235E4F9899AFCEFF5323,Default
DCA773070ABC1145C2A0F285F1E86D3C,Default
A237300109E434ECC558055010602D4F,Default
10DD5B8D260704FA7FB3A5451D354921,Default
10DD5B8D260704FA7FB3A5451D354921,Default
7A113DF27C0B5696987DFE7BEFAD1A9A,Default
12CB2841208A0DC5C23A5BF24D1A74D5,Default
2266DD37FDD2E58B8F57EBC336DCC901,Default
F5F7B9BEBBCF26E2ED71AF39FB419362,Default
9861D70191809EAF6FE6CDA80F92ADD9,Default
31C29DEBBEC96A3D145F9EE7D81A3228,Default
6CE9F9EAD968CB985BEF85C6B8F40B0D,Default
F5F7B9BEBBCF26E2ED71AF39FB419362,Default
49F4850B15427354A8876AC8B4F3E0E0,Default
4EE6C685CBB1E1507035F6E201D1F380,Default
4280C2DE64C250FB00B844E9C9F7D17F,Default
04FAD0AC5448D11EA189B6DB4E99CA79,Default
9BDCAA797F4FED88A2321088BE3D8B11,Default
6EAD2017942027132EF7C97F4A2429C5,Default
BE1DD00C1A843BD3F186001DAC53C44B,Default
D79EF7A864BEEED8EFA823DB6B833DF1,Default
AE215FFF2FEFA4C37157FB89A30CD97A,Default
FA0A5C31AA9FF7A89DD8F11D6CF0A382,Default
DAF1D90B6196E9700307D8A6A9936103,Default
DAF1D90B6196E9700307D8A6A9936103,Default
AF2F04B8767A52260542A871A03AC2CB,Default
138F391E0885C9123C2C84C46AFD7B8D,Default
CEF3067C99C4218B8AF32EFE130483FE,Default
1703391CDEB89B88F19D1476A4293426,Default
E107CCD9CB70B11C45E747A85E563B47,Default
8EF249A7528E9843FCAB2B9F0E837E7A,Default
62DB21A0AFDDC17127F0C7AF55B6A280,Default
1B496294F883F48AE84634E49A4615F5,Default
EF2AC32A9F4AC4AA5CEBFC183AFDE4C1,Default
209D06702B1690A482F4FC9834526205,Default
9AF6334A8B073140DE0639C28CDF9AC4,Default
6764746342633B3439D17997423D14DF,Default
BDB4814CFED1CD3F8AE2A41A6A974D39,Default
A8F6B5DE0F368BE91EC3DFFE7D647BAF,Default
4F28BB9467ECBAEF32C5C436E1FEFBCD,Default
9873957C11F37CC17F316884313300F2,Default
842F0535922ACCC2F16B35A846DBF874,Default
ADA071DD33AB3CF31F01D9BDF70CA42F,Default
55F46367E993D35D711B70218E27A939,Default
53C84FCDEA5F4068C5811135A9BE2C99,Default
8B70E58F993A222EF09167D8A968B1CF,Default
90E05BE859AE7BB2FAB373783D7C1CA8,Default
E2854BB34A0D264C7428F779502F0026,Default
B0EBA4CD47B917941B01EDFF1AF1AB12,Default
6A04282955D2D60041BA4C0B00135C5E,Custom
6A04282955D2D60041BA4C0B00135C5E,Default
55F46367E993D35D711B70218E27A939,Default
8B7F51700C8A90C720AB3E1DCD0DD943,Default
B1FB3C8A79375979F734E114C0763401,Default
36F61AB9CBE861E3894602E7B58BF7AE,Default
F8340B946323D646B154CCE36027A79A,Default
357FAC00D6C84A4895D309EB1BAA9AC8,Default
B9DACABA610C5417B92548AC8CA2C9CA,Default
90E05BE859AE7BB2FAB373783D7C1CA8,Default
A6D18D7D026A1E5C0404AFE28DC9DD3F,Default
760B3B52AAAFEF0E239DC4DE06165A84,Default
F8554893ECD3A7F60CF04BC7571C1250,Default
79BF00C65A08B8357A9AB961967A7657,Default
A6D18D7D026A1E5C0404AFE28DC9DD3F,Default
22DFDE403F148EF5A72BF5B05F422E57,Default
270BD6790EEC03C7F28B472F9BF94FFE,Default
F1D94A5E1ECF73061110D1779A885674,Default
78DBD93D4999F30CA183C1D55738CA44,Default
90E05BE859AE7BB2FAB373783D7C1CA8,Default
8AD29A25E07A36337F61850610827582,Default
FDD88EB1156DF00F1AD941997CCDECFA,Default
4E99D2C44C51CEEB29AE46FA3DDDC7E3,Default
DF1C992930CF1E7F02862D6F16EA8EB8,Default
0D37D4D676391F8BCACE4AC26EA54A65,Default
0D37D4D676391F8BCACE4AC26EA54A65,Historical
8A3ABC80315DD6A26B6091103C6B82E5,Default
22246FB1DE7A239F885482B03824B573,Default
CD64EFB501362F031C7E35F562A55032,Default
30AC9943E9E53C0639904865B75549D5,Default
55F46367E993D35D711B70218E27A939,Default
8449CB98CE2FA36CB9033CF91115C5C2,Default
73000E8A465CAAA665C2D42769A580ED,Default
29D731CBA321CDF2D0629382FF51893D,Default
F5500D34B0B3AE1A460960B70BE3BAD0,Default
9ADD42678DB78F25AAB34AD9A2D13F8B,Default
A8A35A79EADDAA6F21C963A0EA0CF2B9,Default
6B083824E4C5CAA5E2C424279A04B47D,Default
F9AB9B27166B24BA3349FD94DD0F39E4,Default
61DAFB33177871D584402E691C8C912D,Default
82ABCE3F2206797E99B33C273D2FE124,Default
16E5A18F680CB9B8C1F2D1CD47711ED1,Default
9A8D84E2E2879DB424608D9A505BD492,Default
A8A35A79EADDAA6F21C963A0EA0CF2B9,Default
E2854BB34A0D264C7428F779502F0026,Default
389AE023E2D4161E2742EC9C96B10160,Custom
389AE023E2D4161E2742EC9C96B10160,Default
78E05CA8C326FF09B62FDFB496879559,Default
8B47E6C644CF5C9C5ACCEB8B1CB3FFE5,Default
E464A726C02C4140F230ACACD6C0EC6D,Default
FB359BAA51A3151BA9DD36142F31EA37,Default
E2854BB34A0D264C7428F779502F0026,Default
CA529762759A6BA456D7066822DF4539,Default
22246FB1DE7A239F885482B03824B573,Default
E5FF6F0E3BF84E65BA85E95348D01C4D,Default
